Workbook

Sheet Week 1
A1: AMC | F1: Employee AweS.U.M. Report
A2: Woodinville Unit2449 (02449)
A3: 17640 138th Pl. NE
A4: Woodinville, Washington | F4: Business Date Range: 11/21/2025 to 11/27/2025
A5: 98072- | F5: Sort By Employee
A6: UNITED STATES
M7: Average | AC7: Team | AD7: UPT | AE7: n | AG7: Winner For the Week | AK7: Scoreboard
I8: UPT | M8: Transaction | W8: Chica | Y8: Average Tranaction | Z8: =(SUM(Y11:Y20)/SUM(X11:X20)) -> 2.6683203 | AC8: =W8 -> Chica | AD8: =Z8 -> 2.6683203 | AE8: =SUM(X11:X20) -> 1411 | AG8: 1st | AH8: =INDEX($AC$8:$AC$12, MATCH(LARGE($AD$8:$AD$12, 1), $AD$8:$AD$12, 0)) -> Freddy | AL8: Previous Week | AM8: Bonus Points (Individual) | AN8: Bonus Point Team Improvement | AO8: Earned Points | AP8: Total Points
G9: Theatre Average: | I9: 2.68 | O9: $25.32 | AC9: =W22 -> Bonnie | AD9: =Z22 -> 2.5670498 | AE9: =SUM(X25:X34) -> 522 | AG9: 2nd | AH9: =INDEX($AC$8:$AC$12, MATCH(LARGE($AD$8:$AD$12, 2), $AD$8:$AD$12, 0)) -> Balloon Boy | AK9: =W8 -> Chica | AM9: =AD28 -> 1 | AO9: =AH14 -> 1 | AP9: =SUM(AL9:AO9) -> 2
D10: # of Transactions | X10: # Transactions | Y10: # of Units Sold | Z10: UPT | AC10: =W36 -> Freddy | AD10: =Z36 -> 2.8501742 | AE10: =SUM(X39:X48) -> 574 | AG10: 3rd | AH10: =INDEX($AC$8:$AC$12, MATCH(LARGE($AD$8:$AD$12, 3), $AD$8:$AD$12, 0)) -> Chica | AK10: =W22 -> Bonnie | AM10: =AD41 -> 0 | AO10: =AH15 -> 0 | AP10: =SUM(AL10:AO10) -> 0
A11: Employee Name | G11: # of Units Sold | K11: Total Sales | P11: UPT | S11: Average Transaction | W11: Lopez, Ebony | X11: =VLOOKUP(W11,$A$12:$S$57, 4,FALSE) -> 85 | Y11: =VLOOKUP(W11,$A$12:$S$57, 8,FALSE) -> 236 | Z11: =VLOOKUP(W11,$A$12:$S$57, 16,FALSE) -> 2.78 | AC11: =W50 -> Balloon Boy | AD11: =Z50 -> 2.6995012 | AE11: =SUM(X53:X61) -> 802 | AK11: =W36 -> Freddy | AM11: =AD54 -> 2 | AO11: =AH16 -> 3 | AP11: =SUM(AL11:AO11) -> 5
A12: Admin, AMC | D12: 0 | H12: 0 | L12: 0 | P12: 0 | S12: 0 | W12: Allen, Wren | X12: =VLOOKUP(W12,$A$12:$S$57, 4,FALSE) -> 261 | Y12: =VLOOKUP(W12,$A$12:$S$57, 8,FALSE) -> 697 | Z12: =VLOOKUP(W12,$A$12:$S$57, 16,FALSE) -> 2.67 | AC12: =W63 -> Foxy | AD12: =Z63 -> 2.6168091 | AE12: =SUM(X66:X74) -> 702 | AK12: =W50 -> Balloon Boy | AM12: =AD66 -> 0 | AO12: =AH17 -> 2 | AP12: =SUM(AL12:AO12) -> 2
A13: admin2, amc | D13: 0 | H13: 0 | L13: 0 | P13: 0 | S13: 0 | W13: Araya, Kidane | X13: =VLOOKUP(W13,$A$12:$S$57, 4,FALSE) -> 325 | Y13: =VLOOKUP(W13,$A$12:$S$57, 8,FALSE) -> 865 | Z13: =VLOOKUP(W13,$A$12:$S$57, 16,FALSE) -> 2.66 | AC13: THEATRE | AD13: =I9 -> 2.68 | AE13: =SUM(D12:D55) -> 4011 | AG13: Earned Points Ranking | AK13: =W63 -> Foxy | AM13: =AD78 -> 2 | AO13: =AH18 -> 0 | AP13: =SUM(AL13:AO13) -> 2
A14: Administrator, RSM | D14: 0 | H14: 0 | L14: 0 | P14: 0 | S14: 0 | W14: Gemmer, Jake | X14: =VLOOKUP(W14,$A$12:$S$57, 4,FALSE) -> 61 | Y14: =VLOOKUP(W14,$A$12:$S$57, 8,FALSE) -> 163 | Z14: =VLOOKUP(W14,$A$12:$S$57, 16,FALSE) -> 2.67 | AG14: =W8 -> Chica | AH14: =IF(AG14=$AH$8,3,IF(AG14=$AH$9,2,IF(AG14=$AH$10,1,0))) -> 1
A15: Albert, Rowan | D15: 235 | H15: 676 | L15: 6740.44 | P15: 2.88 | S15: 28.68 | W15: Jackson, Parker | X15: =VLOOKUP(W15,$A$12:$S$57, 4,FALSE) -> 49 | Y15: =VLOOKUP(W15,$A$12:$S$57, 8,FALSE) -> 117 | Z15: =VLOOKUP(W15,$A$12:$S$57, 16,FALSE) -> 2.39 | AG15: =W22 -> Bonnie | AH15: =IF(AG15=$AH$8,3,IF(AG15=$AH$9,2,IF(AG15=$AH$10,1,0))) -> 0 | AM15: Leaderboard
A16: Alemayehu, Eyouel | D16: 145 | H16: 334 | L16: 3250.72 | P16: 2.3 | S16: 22.42 | W16: Mccarty, Katelynn | X16: =VLOOKUP(W16,$A$12:$S$57, 4,FALSE) -> 212 | Y16: =VLOOKUP(W16,$A$12:$S$57, 8,FALSE) -> 589 | Z16: =VLOOKUP(W16,$A$12:$S$57, 16,FALSE) -> 2.78 | AG16: =W36 -> Freddy | AH16: =IF(AG16=$AH$8,3,IF(AG16=$AH$9,2,IF(AG16=$AH$10,1,0))) -> 3 | AM16: First | AN16: =INDEX($AK$9:$AK$13, MATCH(LARGE($AP$9:$AP$13, 1), $AP$9:$AP$13, 0)) -> Freddy
A17: Allen, Wren | D17: 261 | H17: 697 | L17: 6541.47 | P17: 2.67 | S17: 25.06 | W17: Montero, Rowan | X17: =VLOOKUP(W17,$A$12:$S$57, 4,FALSE) -> 199 | Y17: =VLOOKUP(W17,$A$12:$S$57, 8,FALSE) -> 506 | Z17: =VLOOKUP(W17,$A$12:$S$57, 16,FALSE) -> 2.54 | AC17: =W8 -> Chica | AD17: Bonus Points? | AG17: =W50 -> Balloon Boy | AH17: =IF(AG17=$AH$8,3,IF(AG17=$AH$9,2,IF(AG17=$AH$10,1,0))) -> 2 | AM17: Second | AN17: =INDEX($AK$9:$AK$13, MATCH(LARGE($AP$9:$AP$13, 2), $AP$9:$AP$13, 0)) -> Chica
A18: Araya, Kidane | D18: 325 | H18: 865 | L18: 8198.97 | P18: 2.66 | S18: 25.23 | W18: Pepper, Court | X18: =VLOOKUP(W18,$A$12:$S$57, 4,FALSE) -> 83 | Y18: =VLOOKUP(W18,$A$12:$S$57, 8,FALSE) -> 235 | Z18: =VLOOKUP(W18,$A$12:$S$57, 16,FALSE) -> 2.83 | AC18: =W11 -> Lopez, Ebony | AD18: =IF(VLOOKUP(AC18,$W:$Z,2,FALSE)>=100, IF(VLOOKUP(AC18,$W:$Z,4,FALSE)>$AD$13, IF(VLOOKUP(AC18,$W:$Z,4,FALSE)>=$AD$13+0.5,3, IF(VLOOKUP(AC18,$W:$Z,4,FALSE)>=$AD$13+0.25,2,1) ), 0), 0) -> 0 | AG18: =W63 -> Foxy | AH18: =IF(AG18=$AH$8,3,IF(AG18=$AH$9,2,IF(AG18=$AH$10,1,0))) -> 0 | AM18: Third | AN18: =INDEX($AK$9:$AK$13, MATCH(LARGE($AP$9:$AP$13, 3), $AP$9:$AP$13, 0)) -> Chica
A19: Clemensen, Belle | D19: 93 | H19: 283 | L19: 2694.83 | P19: 3.04 | S19: 28.98 | W19: Taylor, Ronni | X19: =VLOOKUP(W19,$A$12:$S$57, 4,FALSE) -> 136 | Y19: =VLOOKUP(W19,$A$12:$S$57, 8,FALSE) -> 357 | Z19: =VLOOKUP(W19,$A$12:$S$57, 16,FALSE) -> 2.63 | AC19: =W12 -> Allen, Wren | AD19: =IF(VLOOKUP(AC19,$W:$Z,2,FALSE)>=100, IF(VLOOKUP(AC19,$W:$Z,4,FALSE)>$AD$13, IF(VLOOKUP(AC19,$W:$Z,4,FALSE)>=$AD$13+0.5,3, IF(VLOOKUP(AC19,$W:$Z,4,FALSE)>=$AD$13+0.25,2,1) ), 0), 0) -> 0 | AM19: Fourth | AN19: =INDEX($AK$9:$AK$13, MATCH(LARGE($AP$9:$AP$13, 4), $AP$9:$AP$13, 0)) -> Chica
A20: Cloud, Annette | D20: 0 | H20: 0 | L20: 0 | P20: 0 | S20: 0 | W20: Admin, AMC | X20: =VLOOKUP(W20,$A$12:$S$57, 4,FALSE) -> 0 | Y20: =VLOOKUP(W20,$A$12:$S$57, 8,FALSE) -> 0 | Z20: =VLOOKUP(W20,$A$12:$S$57, 16,FALSE) -> 0 | AC20: =W13 -> Araya, Kidane | AD20: =IF(VLOOKUP(AC20,$W:$Z,2,FALSE)>=100, IF(VLOOKUP(AC20,$W:$Z,4,FALSE)>$AD$13, IF(VLOOKUP(AC20,$W:$Z,4,FALSE)>=$AD$13+0.5,3, IF(VLOOKUP(AC20,$W:$Z,4,FALSE)>=$AD$13+0.25,2,1) ), 0), 0) -> 0 | AM20: Fifth | AN20: =INDEX($AK$9:$AK$13, MATCH(LARGE($AP$9:$AP$13, 5), $AP$9:$AP$13, 0)) -> Bonnie
A21: DaPra, Kylan | D21: 51 | H21: 138 | L21: 1285.71 | P21: 2.71 | S21: 25.21 | AC21: =W14 -> Gemmer, Jake | AD21: =IF(VLOOKUP(AC21,$W:$Z,2,FALSE)>=100, IF(VLOOKUP(AC21,$W:$Z,4,FALSE)>$AD$13, IF(VLOOKUP(AC21,$W:$Z,4,FALSE)>=$AD$13+0.5,3, IF(VLOOKUP(AC21,$W:$Z,4,FALSE)>=$AD$13+0.25,2,1) ), 0), 0) -> 0
A22: Delelu, Samra | D22: 0 | H22: 0 | L22: 0 | P22: 0 | S22: 0 | W22: Bonnie | Y22: UPT | Z22: =(SUM(Y25:Y34)/SUM(X25:X34)) -> 2.5670498 | AC22: =W15 -> Jackson, Parker | AD22: =IF(VLOOKUP(AC22,$W:$Z,2,FALSE)>=100, IF(VLOOKUP(AC22,$W:$Z,4,FALSE)>$AD$13, IF(VLOOKUP(AC22,$W:$Z,4,FALSE)>=$AD$13+0.5,3, IF(VLOOKUP(AC22,$W:$Z,4,FALSE)>=$AD$13+0.25,2,1) ), 0), 0) -> 0
A23: Dick, Emilie | D23: 89 | H23: 234 | L23: 2188.61 | P23: 2.63 | S23: 24.59 | AC23: =W16 -> Mccarty, Katelynn | AD23: =IF(VLOOKUP(AC23,$W:$Z,2,FALSE)>=100, IF(VLOOKUP(AC23,$W:$Z,4,FALSE)>$AD$13, IF(VLOOKUP(AC23,$W:$Z,4,FALSE)>=$AD$13+0.5,3, IF(VLOOKUP(AC23,$W:$Z,4,FALSE)>=$AD$13+0.25,2,1) ), 0), 0) -> 1
A24: Farmer, Kasey | D24: 52 | H24: 122 | L24: 1157.09 | P24: 2.35 | S24: 22.25 | X24: # Transactions | Y24: # of Units Sold | Z24: UPT | AC24: =W17 -> Montero, Rowan | AD24: =IF(VLOOKUP(AC24,$W:$Z,2,FALSE)>=100, IF(VLOOKUP(AC24,$W:$Z,4,FALSE)>$AD$13, IF(VLOOKUP(AC24,$W:$Z,4,FALSE)>=$AD$13+0.5,3, IF(VLOOKUP(AC24,$W:$Z,4,FALSE)>=$AD$13+0.25,2,1) ), 0), 0) -> 0
A25: Gashu, Amanuel | D25: 34 | H25: 87 | L25: 932.88 | P25: 2.56 | S25: 27.44 | W25: Zeller, Daniel | X25: =VLOOKUP(W25,$A$12:$S$57, 4,FALSE) -> 35 | Y25: =VLOOKUP(W25,$A$12:$S$57, 8,FALSE) -> 82 | Z25: =VLOOKUP(W25,$A$12:$S$57, 16,FALSE) -> 2.34 | AC25: =W18 -> Pepper, Court | AD25: =IF(VLOOKUP(AC25,$W:$Z,2,FALSE)>=100, IF(VLOOKUP(AC25,$W:$Z,4,FALSE)>$AD$13, IF(VLOOKUP(AC25,$W:$Z,4,FALSE)>=$AD$13+0.5,3, IF(VLOOKUP(AC25,$W:$Z,4,FALSE)>=$AD$13+0.25,2,1) ), 0), 0) -> 0
A26: Gemmer, Jake | D26: 61 | H26: 163 | L26: 1577.16 | P26: 2.67 | S26: 25.86 | W26: Dick, Emilie | X26: =VLOOKUP(W26,$A$12:$S$57, 4,FALSE) -> 89 | Y26: =VLOOKUP(W26,$A$12:$S$57, 8,FALSE) -> 234 | Z26: =VLOOKUP(W26,$A$12:$S$57, 16,FALSE) -> 2.63 | AC26: =W19 -> Taylor, Ronni | AD26: =IF(VLOOKUP(AC26,$W:$Z,2,FALSE)>=100, IF(VLOOKUP(AC26,$W:$Z,4,FALSE)>$AD$13, IF(VLOOKUP(AC26,$W:$Z,4,FALSE)>=$AD$13+0.5,3, IF(VLOOKUP(AC26,$W:$Z,4,FALSE)>=$AD$13+0.25,2,1) ), 0), 0) -> 0
A27: Grover, Grover | D27: 0 | H27: 0 | L27: 0 | P27: 0 | S27: 0 | W27: Farmer, Kasey | X27: =VLOOKUP(W27,$A$12:$S$57, 4,FALSE) -> 52 | Y27: =VLOOKUP(W27,$A$12:$S$57, 8,FALSE) -> 122 | Z27: =VLOOKUP(W27,$A$12:$S$57, 16,FALSE) -> 2.35 | AC27: =W20 -> Admin, AMC | AD27: =IF(VLOOKUP(AC27,$W:$Z,2,FALSE)>=100, IF(VLOOKUP(AC27,$W:$Z,4,FALSE)>$AD$13, IF(VLOOKUP(AC27,$W:$Z,4,FALSE)>=$AD$13+0.5,3, IF(VLOOKUP(AC27,$W:$Z,4,FALSE)>=$AD$13+0.25,2,1) ), 0), 0) -> 0
A28: Hatch, Aidan | D28: 81 | H28: 214 | L28: 1973.27 | P28: 2.64 | S28: 24.36 | W28: Gashu, Amanuel | X28: =VLOOKUP(W28,$A$12:$S$57, 4,FALSE) -> 34 | Y28: =VLOOKUP(W28,$A$12:$S$57, 8,FALSE) -> 87 | Z28: =VLOOKUP(W28,$A$12:$S$57, 16,FALSE) -> 2.56 | AC28: Total Bonus | AD28: =SUM(AD18:AD27) -> 1
A29: Hill, Gabby | D29: 105 | H29: 298 | L29: 2752.74 | P29: 2.84 | S29: 26.22 | W29: Grover, Grover | X29: =VLOOKUP(W29,$A$12:$S$57, 4,FALSE) -> 0 | Y29: =VLOOKUP(W29,$A$12:$S$57, 8,FALSE) -> 0 | Z29: =VLOOKUP(W29,$A$12:$S$57, 16,FALSE) -> 0
A30: Isreal, Zeal | D30: 73 | H30: 199 | L30: 1721.93 | P30: 2.73 | S30: 23.59 | W30: Hatch, Aidan | X30: =VLOOKUP(W30,$A$12:$S$57, 4,FALSE) -> 81 | Y30: =VLOOKUP(W30,$A$12:$S$57, 8,FALSE) -> 214 | Z30: =VLOOKUP(W30,$A$12:$S$57, 16,FALSE) -> 2.64 | AC30: =W22 -> Bonnie | AD30: Bonus Points?
A31: Jackson, Parker | D31: 49 | H31: 117 | L31: 1131.97 | P31: 2.39 | S31: 23.1 | W31: Miller, Taytem | X31: =VLOOKUP(W31,$A$12:$S$57, 4,FALSE) -> 67 | Y31: =VLOOKUP(W31,$A$12:$S$57, 8,FALSE) -> 174 | Z31: =VLOOKUP(W31,$A$12:$S$57, 16,FALSE) -> 2.6 | AC31: =W25 -> Zeller, Daniel | AD31: =IF(VLOOKUP(AC31,$W:$Z,2,FALSE)>=100, IF(VLOOKUP(AC31,$W:$Z,4,FALSE)>$AD$13, IF(VLOOKUP(AC31,$W:$Z,4,FALSE)>=$AD$13+0.5,3, IF(VLOOKUP(AC31,$W:$Z,4,FALSE)>=$AD$13+0.25,2,1) ), 0), 0) -> 0
A32: Kelly, Ryan | D32: 25 | H32: 197 | L32: 1878.42 | P32: 7.88 | S32: 75.14 | W32: Ryder, Erin | X32: =VLOOKUP(W32,$A$12:$S$57, 4,FALSE) -> 82 | Y32: =VLOOKUP(W32,$A$12:$S$57, 8,FALSE) -> 198 | Z32: =VLOOKUP(W32,$A$12:$S$57, 16,FALSE) -> 2.41 | AC32: =W26 -> Dick, Emilie | AD32: =IF(VLOOKUP(AC32,$W:$Z,2,FALSE)>=100, IF(VLOOKUP(AC32,$W:$Z,4,FALSE)>$AD$13, IF(VLOOKUP(AC32,$W:$Z,4,FALSE)>=$AD$13+0.5,3, IF(VLOOKUP(AC32,$W:$Z,4,FALSE)>=$AD$13+0.25,2,1) ), 0), 0) -> 0
A33: Koessler, Bayley | D33: 90 | H33: 241 | L33: 2292.42 | P33: 2.68 | S33: 25.47 | W33: Yandle, Chuck | X33: =VLOOKUP(W33,$A$12:$S$57, 4,FALSE) -> 82 | Y33: =VLOOKUP(W33,$A$12:$S$57, 8,FALSE) -> 229 | Z33: =VLOOKUP(W33,$A$12:$S$57, 16,FALSE) -> 2.79 | AC33: =W27 -> Farmer, Kasey | AD33: =IF(VLOOKUP(AC33,$W:$Z,2,FALSE)>=100, IF(VLOOKUP(AC33,$W:$Z,4,FALSE)>$AD$13, IF(VLOOKUP(AC33,$W:$Z,4,FALSE)>=$AD$13+0.5,3, IF(VLOOKUP(AC33,$W:$Z,4,FALSE)>=$AD$13+0.25,2,1) ), 0), 0) -> 0
A34: Krause, Daniel | D34: 196 | H34: 533 | L34: 5040.03 | P34: 2.72 | S34: 25.71 | W34: Admin, AMC | X34: =VLOOKUP(W34,$A$12:$S$57, 4,FALSE) -> 0 | Y34: =VLOOKUP(W34,$A$12:$S$57, 8,FALSE) -> 0 | Z34: =VLOOKUP(W34,$A$12:$S$57, 16,FALSE) -> 0 | AC34: =W28 -> Gashu, Amanuel | AD34: =IF(VLOOKUP(AC34,$W:$Z,2,FALSE)>=100, IF(VLOOKUP(AC34,$W:$Z,4,FALSE)>$AD$13, IF(VLOOKUP(AC34,$W:$Z,4,FALSE)>=$AD$13+0.5,3, IF(VLOOKUP(AC34,$W:$Z,4,FALSE)>=$AD$13+0.25,2,1) ), 0), 0) -> 0
A35: Lingg, Beckett | D35: 0 | H35: 0 | L35: 0 | P35: 0 | S35: 0 | AC35: =W29 -> Grover, Grover | AD35: =IF(VLOOKUP(AC35,$W:$Z,2,FALSE)>=100, IF(VLOOKUP(AC35,$W:$Z,4,FALSE)>$AD$13, IF(VLOOKUP(AC35,$W:$Z,4,FALSE)>=$AD$13+0.5,3, IF(VLOOKUP(AC35,$W:$Z,4,FALSE)>=$AD$13+0.25,2,1) ), 0), 0) -> 0
A36: Lopez, Ebony | D36: 85 | H36: 236 | L36: 2164.93 | P36: 2.78 | S36: 25.47 | W36: Freddy | Y36: UPT | Z36: =(SUM(Y39:Y48)/SUM(X39:X48)) -> 2.8501742 | AC36: =W30 -> Hatch, Aidan | AD36: =IF(VLOOKUP(AC36,$W:$Z,2,FALSE)>=100, IF(VLOOKUP(AC36,$W:$Z,4,FALSE)>$AD$13, IF(VLOOKUP(AC36,$W:$Z,4,FALSE)>=$AD$13+0.5,3, IF(VLOOKUP(AC36,$W:$Z,4,FALSE)>=$AD$13+0.25,2,1) ), 0), 0) -> 0
A37: Lopez, Matthew | D37: 12 | H37: 41 | L37: 352.4 | P37: 3.42 | S37: 29.37 | AC37: =W31 -> Miller, Taytem | AD37: =IF(VLOOKUP(AC37,$W:$Z,2,FALSE)>=100, IF(VLOOKUP(AC37,$W:$Z,4,FALSE)>$AD$13, IF(VLOOKUP(AC37,$W:$Z,4,FALSE)>=$AD$13+0.5,3, IF(VLOOKUP(AC37,$W:$Z,4,FALSE)>=$AD$13+0.25,2,1) ), 0), 0) -> 0
A38: Mccarty, Katelynn | D38: 212 | H38: 589 | L38: 5535.71 | P38: 2.78 | S38: 26.11 | X38: # Transactions | Y38: # of Units Sold | Z38: UPT | AC38: =W32 -> Ryder, Erin | AD38: =IF(VLOOKUP(AC38,$W:$Z,2,FALSE)>=100, IF(VLOOKUP(AC38,$W:$Z,4,FALSE)>$AD$13, IF(VLOOKUP(AC38,$W:$Z,4,FALSE)>=$AD$13+0.5,3, IF(VLOOKUP(AC38,$W:$Z,4,FALSE)>=$AD$13+0.25,2,1) ), 0), 0) -> 0
A39: McChesney, Jack | D39: 164 | H39: 418 | L39: 3763.76 | P39: 2.55 | S39: 22.95 | W39: DaPra, Kylan | X39: =VLOOKUP(W39,$A$12:$S$57, 4,FALSE) -> 51 | Y39: =VLOOKUP(W39,$A$12:$S$57, 8,FALSE) -> 138 | Z39: =VLOOKUP(W39,$A$12:$S$57, 16,FALSE) -> 2.71 | AC39: =W33 -> Yandle, Chuck | AD39: =IF(VLOOKUP(AC39,$W:$Z,2,FALSE)>=100, IF(VLOOKUP(AC39,$W:$Z,4,FALSE)>$AD$13, IF(VLOOKUP(AC39,$W:$Z,4,FALSE)>=$AD$13+0.5,3, IF(VLOOKUP(AC39,$W:$Z,4,FALSE)>=$AD$13+0.25,2,1) ), 0), 0) -> 0
A40: Miller, Taytem | D40: 67 | H40: 174 | L40: 1689.84 | P40: 2.6 | S40: 25.22 | W40: Albert, Rowan | X40: =VLOOKUP(W40,$A$12:$S$57, 4,FALSE) -> 235 | Y40: =VLOOKUP(W40,$A$12:$S$57, 8,FALSE) -> 676 | Z40: =VLOOKUP(W40,$A$12:$S$57, 16,FALSE) -> 2.88 | AC40: =W34 -> Admin, AMC | AD40: =IF(VLOOKUP(AC40,$W:$Z,2,FALSE)>=100, IF(VLOOKUP(AC40,$W:$Z,4,FALSE)>$AD$13, IF(VLOOKUP(AC40,$W:$Z,4,FALSE)>=$AD$13+0.5,3, IF(VLOOKUP(AC40,$W:$Z,4,FALSE)>=$AD$13+0.25,2,1) ), 0), 0) -> 0
A41: Mitchell, Gabe | D41: 65 | H41: 167 | L41: 1600.25 | P41: 2.57 | S41: 24.62 | W41: Clemensen, Belle | X41: =VLOOKUP(W41,$A$12:$S$57, 4,FALSE) -> 93 | Y41: =VLOOKUP(W41,$A$12:$S$57, 8,FALSE) -> 283 | Z41: =VLOOKUP(W41,$A$12:$S$57, 16,FALSE) -> 3.04 | AC41: Total Bonus | AD41: =SUM(AD31:AD40) -> 0
A42: Montero, Rowan | D42: 199 | H42: 506 | L42: 4794.63 | P42: 2.54 | S42: 24.09 | W42: Cloud, Annette | X42: =VLOOKUP(W42,$A$12:$S$57, 4,FALSE) -> 0 | Y42: =VLOOKUP(W42,$A$12:$S$57, 8,FALSE) -> 0 | Z42: =VLOOKUP(W42,$A$12:$S$57, 16,FALSE) -> 0
A43: Ops, Prog | D43: 0 | H43: 0 | L43: 0 | P43: 0 | S43: 0 | W43: Hill, Gabby | X43: =VLOOKUP(W43,$A$12:$S$57, 4,FALSE) -> 105 | Y43: =VLOOKUP(W43,$A$12:$S$57, 8,FALSE) -> 298 | Z43: =VLOOKUP(W43,$A$12:$S$57, 16,FALSE) -> 2.84 | AC43: =W36 -> Freddy | AD43: Bonus Points?
A44: Pepper, Court | D44: 83 | H44: 235 | L44: 2127.99 | P44: 2.83 | S44: 25.64 | W44: Koessler, Bayley | X44: =VLOOKUP(W44,$A$12:$S$57, 4,FALSE) -> 90 | Y44: =VLOOKUP(W44,$A$12:$S$57, 8,FALSE) -> 241 | Z44: =VLOOKUP(W44,$A$12:$S$57, 16,FALSE) -> 2.68 | AC44: =W39 -> DaPra, Kylan | AD44: =IF(VLOOKUP(AC44,$W:$Z,2,FALSE)>=100, IF(VLOOKUP(AC44,$W:$Z,4,FALSE)>$AD$13, IF(VLOOKUP(AC44,$W:$Z,4,FALSE)>=$AD$13+0.5,3, IF(VLOOKUP(AC44,$W:$Z,4,FALSE)>=$AD$13+0.25,2,1) ), 0), 0) -> 0
A45: Perez-Tellez, Damien | D45: 101 | H45: 248 | L45: 2372.23 | P45: 2.46 | S45: 23.49 | W45: Wetsit, Karlos | X45: =VLOOKUP(W45,$A$12:$S$57, 4,FALSE) -> 0 | Y45: =VLOOKUP(W45,$A$12:$S$57, 8,FALSE) -> 0 | Z45: =VLOOKUP(W45,$A$12:$S$57, 16,FALSE) -> 0 | AC45: =W40 -> Albert, Rowan | AD45: =IF(VLOOKUP(AC45,$W:$Z,2,FALSE)>=100, IF(VLOOKUP(AC45,$W:$Z,4,FALSE)>$AD$13, IF(VLOOKUP(AC45,$W:$Z,4,FALSE)>=$AD$13+0.5,3, IF(VLOOKUP(AC45,$W:$Z,4,FALSE)>=$AD$13+0.25,2,1) ), 0), 0) -> 1
A46: Ryder, Erin | D46: 82 | H46: 198 | L46: 1871.14 | P46: 2.41 | S46: 22.82 | W46: Admin, AMC | X46: =VLOOKUP(W46,$A$12:$S$57, 4,FALSE) -> 0 | Y46: =VLOOKUP(W46,$A$12:$S$57, 8,FALSE) -> 0 | Z46: =VLOOKUP(W46,$A$12:$S$57, 16,FALSE) -> 0 | AC46: =W41 -> Clemensen, Belle | AD46: =IF(VLOOKUP(AC46,$W:$Z,2,FALSE)>=100, IF(VLOOKUP(AC46,$W:$Z,4,FALSE)>$AD$13, IF(VLOOKUP(AC46,$W:$Z,4,FALSE)>=$AD$13+0.5,3, IF(VLOOKUP(AC46,$W:$Z,4,FALSE)>=$AD$13+0.25,2,1) ), 0), 0) -> 0
A47: Santaella, Adriana | D47: 128 | H47: 327 | L47: 3110.89 | P47: 2.55 | S47: 24.3 | W47: Admin, AMC | X47: =VLOOKUP(W47,$A$12:$S$57, 4,FALSE) -> 0 | Y47: =VLOOKUP(W47,$A$12:$S$57, 8,FALSE) -> 0 | Z47: =VLOOKUP(W47,$A$12:$S$57, 16,FALSE) -> 0 | AC47: =W42 -> Cloud, Annette | AD47: =IF(VLOOKUP(AC47,$W:$Z,2,FALSE)>=100, IF(VLOOKUP(AC47,$W:$Z,4,FALSE)>$AD$13, IF(VLOOKUP(AC47,$W:$Z,4,FALSE)>=$AD$13+0.5,3, IF(VLOOKUP(AC47,$W:$Z,4,FALSE)>=$AD$13+0.25,2,1) ), 0), 0) -> 0
A48: Shteyngart, Jenna | D48: 148 | H48: 392 | L48: 3850.15 | P48: 2.65 | S48: 26.01 | W48: Admin, AMC | X48: =VLOOKUP(W48,$A$12:$S$57, 4,FALSE) -> 0 | Y48: =VLOOKUP(W48,$A$12:$S$57, 8,FALSE) -> 0 | Z48: =VLOOKUP(W48,$A$12:$S$57, 16,FALSE) -> 0 | AC48: =W43 -> Hill, Gabby | AD48: =IF(VLOOKUP(AC48,$W:$Z,2,FALSE)>=100, IF(VLOOKUP(AC48,$W:$Z,4,FALSE)>$AD$13, IF(VLOOKUP(AC48,$W:$Z,4,FALSE)>=$AD$13+0.5,3, IF(VLOOKUP(AC48,$W:$Z,4,FALSE)>=$AD$13+0.25,2,1) ), 0), 0) -> 1
A49: Smith, Anders | D49: 136 | H49: 337 | L49: 3043.32 | P49: 2.48 | S49: 22.38 | AC49: =W44 -> Koessler, Bayley | AD49: =IF(VLOOKUP(AC49,$W:$Z,2,FALSE)>=100, IF(VLOOKUP(AC49,$W:$Z,4,FALSE)>$AD$13, IF(VLOOKUP(AC49,$W:$Z,4,FALSE)>=$AD$13+0.5,3, IF(VLOOKUP(AC49,$W:$Z,4,FALSE)>=$AD$13+0.25,2,1) ), 0), 0) -> 0
A50: Taylor, Ronni | D50: 136 | H50: 357 | L50: 3475.08 | P50: 2.63 | S50: 25.55 | W50: Balloon Boy | Y50: UPT | Z50: =(SUM(Y53:Y61)/SUM(X53:X61)) -> 2.6995012 | AC50: =W45 -> Wetsit, Karlos | AD50: =IF(VLOOKUP(AC50,$W:$Z,2,FALSE)>=100, IF(VLOOKUP(AC50,$W:$Z,4,FALSE)>$AD$13, IF(VLOOKUP(AC50,$W:$Z,4,FALSE)>=$AD$13+0.5,3, IF(VLOOKUP(AC50,$W:$Z,4,FALSE)>=$AD$13+0.25,2,1) ), 0), 0) -> 0
A51: Wetsit, Karlos | D51: 0 | H51: 0 | L51: 0 | P51: 0 | S51: 0 | AC51: =W46 -> Admin, AMC | AD51: =IF(VLOOKUP(AC51,$W:$Z,2,FALSE)>=100, IF(VLOOKUP(AC51,$W:$Z,4,FALSE)>$AD$13, IF(VLOOKUP(AC51,$W:$Z,4,FALSE)>=$AD$13+0.5,3, IF(VLOOKUP(AC51,$W:$Z,4,FALSE)>=$AD$13+0.25,2,1) ), 0), 0) -> 0
A52: Woodke, Jeralyn | D52: 156 | H52: 435 | L52: 4029.67 | P52: 2.79 | S52: 25.83 | X52: # Transactions | Y52: # of Units Sold | Z52: UPT | AC52: =W47 -> Admin, AMC | AD52: =IF(VLOOKUP(AC52,$W:$Z,2,FALSE)>=100, IF(VLOOKUP(AC52,$W:$Z,4,FALSE)>$AD$13, IF(VLOOKUP(AC52,$W:$Z,4,FALSE)>=$AD$13+0.5,3, IF(VLOOKUP(AC52,$W:$Z,4,FALSE)>=$AD$13+0.25,2,1) ), 0), 0) -> 0
A53: Yandle, Chuck | D53: 82 | H53: 229 | L53: 2123.28 | P53: 2.79 | S53: 25.89 | W53: Kelly, Ryan | X53: =VLOOKUP(W53,$A$12:$S$57, 4,FALSE) -> 25 | Y53: =VLOOKUP(W53,$A$12:$S$57, 8,FALSE) -> 197 | Z53: =VLOOKUP(W53,$A$12:$S$57, 16,FALSE) -> 7.88 | AC53: =W48 -> Admin, AMC | AD53: =IF(VLOOKUP(AC53,$W:$Z,2,FALSE)>=100, IF(VLOOKUP(AC53,$W:$Z,4,FALSE)>$AD$13, IF(VLOOKUP(AC53,$W:$Z,4,FALSE)>=$AD$13+0.5,3, IF(VLOOKUP(AC53,$W:$Z,4,FALSE)>=$AD$13+0.25,2,1) ), 0), 0) -> 0
A54: Zeller, Daniel | D54: 35 | H54: 82 | L54: 749.46 | P54: 2.34 | S54: 21.41 | W54: Isreal, Zeal | X54: =VLOOKUP(W54,$A$12:$S$57, 4,FALSE) -> 73 | Y54: =VLOOKUP(W54,$A$12:$S$57, 8,FALSE) -> 199 | Z54: =VLOOKUP(W54,$A$12:$S$57, 16,FALSE) -> 2.73 | AC54: Total Bonus | AD54: =SUM(AD44:AD53) -> 2
A55: Zinn Krulewitch, Mari | D55: 155 | H55: 374 | L55: 3568.75 | P55: 2.41 | S55: 23.02 | W55: McChesney, Jack | X55: =VLOOKUP(W55,$A$12:$S$57, 4,FALSE) -> 164 | Y55: =VLOOKUP(W55,$A$12:$S$57, 8,FALSE) -> 418 | Z55: =VLOOKUP(W55,$A$12:$S$57, 16,FALSE) -> 2.55
W56: Perez-Tellez, Damien | X56: =VLOOKUP(W56,$A$12:$S$57, 4,FALSE) -> 101 | Y56: =VLOOKUP(W56,$A$12:$S$57, 8,FALSE) -> 248 | Z56: =VLOOKUP(W56,$A$12:$S$57, 16,FALSE) -> 2.46 | AC56: =W50 -> Balloon Boy | AD56: Bonus Points?
W57: Shteyngart, Jenna | X57: =VLOOKUP(W57,$A$12:$S$57, 4,FALSE) -> 148 | Y57: =VLOOKUP(W57,$A$12:$S$57, 8,FALSE) -> 392 | Z57: =VLOOKUP(W57,$A$12:$S$57, 16,FALSE) -> 2.65 | AC57: =W53 -> Kelly, Ryan | AD57: =IF(VLOOKUP(AC57,$W:$Z,2,FALSE)>=100, IF(VLOOKUP(AC57,$W:$Z,4,FALSE)>$AD$13, IF(VLOOKUP(AC57,$W:$Z,4,FALSE)>=$AD$13+0.5,3, IF(VLOOKUP(AC57,$W:$Z,4,FALSE)>=$AD$13+0.25,2,1) ), 0), 0) -> 0
W58: Smith, Anders | X58: =VLOOKUP(W58,$A$12:$S$57, 4,FALSE) -> 136 | Y58: =VLOOKUP(W58,$A$12:$S$57, 8,FALSE) -> 337 | Z58: =VLOOKUP(W58,$A$12:$S$57, 16,FALSE) -> 2.48 | AC58: =W54 -> Isreal, Zeal | AD58: =IF(VLOOKUP(AC58,$W:$Z,2,FALSE)>=100, IF(VLOOKUP(AC58,$W:$Z,4,FALSE)>$AD$13, IF(VLOOKUP(AC58,$W:$Z,4,FALSE)>=$AD$13+0.5,3, IF(VLOOKUP(AC58,$W:$Z,4,FALSE)>=$AD$13+0.25,2,1) ), 0), 0) -> 0
W59: Zinn Krulewitch, Mari | X59: =VLOOKUP(W59,$A$12:$S$57, 4,FALSE) -> 155 | Y59: =VLOOKUP(W59,$A$12:$S$57, 8,FALSE) -> 374 | Z59: =VLOOKUP(W59,$A$12:$S$57, 16,FALSE) -> 2.41 | AC59: =W55 -> McChesney, Jack | AD59: =IF(VLOOKUP(AC59,$W:$Z,2,FALSE)>=100, IF(VLOOKUP(AC59,$W:$Z,4,FALSE)>$AD$13, IF(VLOOKUP(AC59,$W:$Z,4,FALSE)>=$AD$13+0.5,3, IF(VLOOKUP(AC59,$W:$Z,4,FALSE)>=$AD$13+0.25,2,1) ), 0), 0) -> 0
W60: Admin, AMC | X60: =VLOOKUP(W60,$A$12:$S$57, 4,FALSE) -> 0 | Y60: =VLOOKUP(W60,$A$12:$S$57, 8,FALSE) -> 0 | Z60: =VLOOKUP(W60,$A$12:$S$57, 16,FALSE) -> 0 | AC60: =W56 -> Perez-Tellez, Damien | AD60: =IF(VLOOKUP(AC60,$W:$Z,2,FALSE)>=100, IF(VLOOKUP(AC60,$W:$Z,4,FALSE)>$AD$13, IF(VLOOKUP(AC60,$W:$Z,4,FALSE)>=$AD$13+0.5,3, IF(VLOOKUP(AC60,$W:$Z,4,FALSE)>=$AD$13+0.25,2,1) ), 0), 0) -> 0
W61: Admin, AMC | X61: =VLOOKUP(W61,$A$12:$S$57, 4,FALSE) -> 0 | Y61: =VLOOKUP(W61,$A$12:$S$57, 8,FALSE) -> 0 | Z61: =VLOOKUP(W61,$A$12:$S$57, 16,FALSE) -> 0 | AC61: =W57 -> Shteyngart, Jenna | AD61: =IF(VLOOKUP(AC61,$W:$Z,2,FALSE)>=100, IF(VLOOKUP(AC61,$W:$Z,4,FALSE)>$AD$13, IF(VLOOKUP(AC61,$W:$Z,4,FALSE)>=$AD$13+0.5,3, IF(VLOOKUP(AC61,$W:$Z,4,FALSE)>=$AD$13+0.25,2,1) ), 0), 0) -> 0
AC62: =W58 -> Smith, Anders | AD62: =IF(VLOOKUP(AC62,$W:$Z,2,FALSE)>=100, IF(VLOOKUP(AC62,$W:$Z,4,FALSE)>$AD$13, IF(VLOOKUP(AC62,$W:$Z,4,FALSE)>=$AD$13+0.5,3, IF(VLOOKUP(AC62,$W:$Z,4,FALSE)>=$AD$13+0.25,2,1) ), 0), 0) -> 0
W63: Foxy | Y63: UPT | Z63: =(SUM(Y66:Y74)/SUM(X66:X74)) -> 2.6168091 | AC63: =W59 -> Zinn Krulewitch, Mari | AD63: =IF(VLOOKUP(AC63,$W:$Z,2,FALSE)>=100, IF(VLOOKUP(AC63,$W:$Z,4,FALSE)>$AD$13, IF(VLOOKUP(AC63,$W:$Z,4,FALSE)>=$AD$13+0.5,3, IF(VLOOKUP(AC63,$W:$Z,4,FALSE)>=$AD$13+0.25,2,1) ), 0), 0) -> 0
AC64: =W60 -> Admin, AMC | AD64: =IF(VLOOKUP(AC64,$W:$Z,2,FALSE)>=100, IF(VLOOKUP(AC64,$W:$Z,4,FALSE)>$AD$13, IF(VLOOKUP(AC64,$W:$Z,4,FALSE)>=$AD$13+0.5,3, IF(VLOOKUP(AC64,$W:$Z,4,FALSE)>=$AD$13+0.25,2,1) ), 0), 0) -> 0
X65: # Transactions | Y65: # of Units Sold | Z65: UPT | AC65: =W61 -> Admin, AMC | AD65: =IF(VLOOKUP(AC65,$W:$Z,2,FALSE)>=100, IF(VLOOKUP(AC65,$W:$Z,4,FALSE)>$AD$13, IF(VLOOKUP(AC65,$W:$Z,4,FALSE)>=$AD$13+0.5,3, IF(VLOOKUP(AC65,$W:$Z,4,FALSE)>=$AD$13+0.25,2,1) ), 0), 0) -> 0
W66: Mitchell, Gabe | X66: =VLOOKUP(W66,$A$12:$S$57, 4,FALSE) -> 65 | Y66: =VLOOKUP(W66,$A$12:$S$57, 8,FALSE) -> 167 | Z66: =VLOOKUP(W66,$A$12:$S$57, 16,FALSE) -> 2.57 | AC66: Total Bonus | AD66: =SUM(AD57:AD65) -> 0
W67: Alemayehu, Eyouel | X67: =VLOOKUP(W67,$A$12:$S$57, 4,FALSE) -> 145 | Y67: =VLOOKUP(W67,$A$12:$S$57, 8,FALSE) -> 334 | Z67: =VLOOKUP(W67,$A$12:$S$57, 16,FALSE) -> 2.3
W68: Delelu, Samra | X68: =VLOOKUP(W68,$A$12:$S$57, 4,FALSE) -> 0 | Y68: =VLOOKUP(W68,$A$12:$S$57, 8,FALSE) -> 0 | Z68: =VLOOKUP(W68,$A$12:$S$57, 16,FALSE) -> 0 | AC68: =W63 -> Foxy | AD68: Bonus Points?
W69: Krause, Daniel | X69: =VLOOKUP(W69,$A$12:$S$57, 4,FALSE) -> 196 | Y69: =VLOOKUP(W69,$A$12:$S$57, 8,FALSE) -> 533 | Z69: =VLOOKUP(W69,$A$12:$S$57, 16,FALSE) -> 2.72 | AC69: =W66 -> Mitchell, Gabe | AD69: =IF(VLOOKUP(AC69,$W:$Z,2,FALSE)>=100, IF(VLOOKUP(AC69,$W:$Z,4,FALSE)>$AD$13, IF(VLOOKUP(AC69,$W:$Z,4,FALSE)>=$AD$13+0.5,3, IF(VLOOKUP(AC69,$W:$Z,4,FALSE)>=$AD$13+0.25,2,1) ), 0), 0) -> 0
W70: Lopez, Matthew | X70: =VLOOKUP(W70,$A$12:$S$57, 4,FALSE) -> 12 | Y70: =VLOOKUP(W70,$A$12:$S$57, 8,FALSE) -> 41 | Z70: =VLOOKUP(W70,$A$12:$S$57, 16,FALSE) -> 3.42 | AC70: =W67 -> Alemayehu, Eyouel | AD70: =IF(VLOOKUP(AC70,$W:$Z,2,FALSE)>=100, IF(VLOOKUP(AC70,$W:$Z,4,FALSE)>$AD$13, IF(VLOOKUP(AC70,$W:$Z,4,FALSE)>=$AD$13+0.5,3, IF(VLOOKUP(AC70,$W:$Z,4,FALSE)>=$AD$13+0.25,2,1) ), 0), 0) -> 0
W71: Santaella, Adriana | X71: =VLOOKUP(W71,$A$12:$S$57, 4,FALSE) -> 128 | Y71: =VLOOKUP(W71,$A$12:$S$57, 8,FALSE) -> 327 | Z71: =VLOOKUP(W71,$A$12:$S$57, 16,FALSE) -> 2.55 | AC71: =W68 -> Delelu, Samra | AD71: =IF(VLOOKUP(AC71,$W:$Z,2,FALSE)>=100, IF(VLOOKUP(AC71,$W:$Z,4,FALSE)>$AD$13, IF(VLOOKUP(AC71,$W:$Z,4,FALSE)>=$AD$13+0.5,3, IF(VLOOKUP(AC71,$W:$Z,4,FALSE)>=$AD$13+0.25,2,1) ), 0), 0) -> 0
W72: Woodke, Jeralyn | X72: =VLOOKUP(W72,$A$12:$S$57, 4,FALSE) -> 156 | Y72: =VLOOKUP(W72,$A$12:$S$57, 8,FALSE) -> 435 | Z72: =VLOOKUP(W72,$A$12:$S$57, 16,FALSE) -> 2.79 | AC72: =W69 -> Krause, Daniel | AD72: =IF(VLOOKUP(AC72,$W:$Z,2,FALSE)>=100, IF(VLOOKUP(AC72,$W:$Z,4,FALSE)>$AD$13, IF(VLOOKUP(AC72,$W:$Z,4,FALSE)>=$AD$13+0.5,3, IF(VLOOKUP(AC72,$W:$Z,4,FALSE)>=$AD$13+0.25,2,1) ), 0), 0) -> 1
W73: Admin, AMC | X73: =VLOOKUP(W73,$A$12:$S$57, 4,FALSE) -> 0 | Y73: =VLOOKUP(W73,$A$12:$S$57, 8,FALSE) -> 0 | Z73: =VLOOKUP(W73,$A$12:$S$57, 16,FALSE) -> 0 | AC73: =W70 -> Lopez, Matthew | AD73: =IF(VLOOKUP(AC73,$W:$Z,2,FALSE)>=100, IF(VLOOKUP(AC73,$W:$Z,4,FALSE)>$AD$13, IF(VLOOKUP(AC73,$W:$Z,4,FALSE)>=$AD$13+0.5,3, IF(VLOOKUP(AC73,$W:$Z,4,FALSE)>=$AD$13+0.25,2,1) ), 0), 0) -> 0
W74: Admin, AMC | X74: =VLOOKUP(W74,$A$12:$S$57, 4,FALSE) -> 0 | Y74: =VLOOKUP(W74,$A$12:$S$57, 8,FALSE) -> 0 | Z74: =VLOOKUP(W74,$A$12:$S$57, 16,FALSE) -> 0 | AC74: =W71 -> Santaella, Adriana | AD74: =IF(VLOOKUP(AC74,$W:$Z,2,FALSE)>=100, IF(VLOOKUP(AC74,$W:$Z,4,FALSE)>$AD$13, IF(VLOOKUP(AC74,$W:$Z,4,FALSE)>=$AD$13+0.5,3, IF(VLOOKUP(AC74,$W:$Z,4,FALSE)>=$AD$13+0.25,2,1) ), 0), 0) -> 0
AC75: =W72 -> Woodke, Jeralyn | AD75: =IF(VLOOKUP(AC75,$W:$Z,2,FALSE)>=100, IF(VLOOKUP(AC75,$W:$Z,4,FALSE)>$AD$13, IF(VLOOKUP(AC75,$W:$Z,4,FALSE)>=$AD$13+0.5,3, IF(VLOOKUP(AC75,$W:$Z,4,FALSE)>=$AD$13+0.25,2,1) ), 0), 0) -> 1
AC76: =W73 -> Admin, AMC | AD76: =IF(VLOOKUP(AC76,$W:$Z,2,FALSE)>=100, IF(VLOOKUP(AC76,$W:$Z,4,FALSE)>$AD$13, IF(VLOOKUP(AC76,$W:$Z,4,FALSE)>=$AD$13+0.5,3, IF(VLOOKUP(AC76,$W:$Z,4,FALSE)>=$AD$13+0.25,2,1) ), 0), 0) -> 0
AC77: =W74 -> Admin, AMC | AD77: =IF(VLOOKUP(AC77,$W:$Z,2,FALSE)>=100, IF(VLOOKUP(AC77,$W:$Z,4,FALSE)>$AD$13, IF(VLOOKUP(AC77,$W:$Z,4,FALSE)>=$AD$13+0.5,3, IF(VLOOKUP(AC77,$W:$Z,4,FALSE)>=$AD$13+0.25,2,1) ), 0), 0) -> 0
AC78: Total Bonus | AD78: =SUM(AD69:AD77) -> 2

Sheet Week 2
A1: AMC | F1: Employee AweS.U.M. Report
A2: Woodinville Unit2449 (02449)
A3: 17640 138th Pl. NE
A4: Woodinville, Washington | F4: Business Date Range: 11/28/2025 to 12/4/2025
A5: 98072- | F5: Sort By Employee
A6: UNITED STATES
M7: Average | AC7: Team | AD7: UPT | AE7: n | AG7: Winner For the Week | AK7: Scoreboard
I8: UPT | M8: Transaction | W8: Chica | Y8: Average Tranaction | Z8: =(SUM(Y11:Y20)/SUM(X11:X20)) -> 2.7761468 | AC8: =W8 -> Chica | AD8: =Z8 -> 2.7761468 | AE8: =SUM(X11:X20) -> 1090 | AG8: 1st | AH8: =INDEX($AC$8:$AC$12, MATCH(LARGE($AD$8:$AD$12, 1), $AD$8:$AD$12, 0)) -> Chica | AL8: Previous Week | AM8: Bonus Points (Individual) | AN8: Bonus Point Team Improvement | AO8: Earned Points | AP8: Total Points
G9: Theatre Average: | I9: 2.71 | O9: 25.65 | AC9: =W22 -> Bonnie | AD9: =Z22 -> 2.7297297 | AE9: =SUM(X25:X34) -> 481 | AG9: 2nd | AH9: =INDEX($AC$8:$AC$12, MATCH(LARGE($AD$8:$AD$12, 2), $AD$8:$AD$12, 0)) -> Bonnie | AK9: =W8 -> Chica | AL9: ='Week 1'!AP9 -> 2 | AM9: =AD28 -> 5 | AN9: =AH31 -> 1 | AO9: =AH14 -> 3 | AP9: =SUM(AL9:AO9) -> 11
D10: # of Transactions | X10: # Transactions | Y10: # of Units Sold | Z10: UPT | AC10: =W36 -> Freddy | AD10: =Z36 -> 2.6085919 | AE10: =SUM(X39:X48) -> 419 | AG10: 3rd | AH10: =INDEX($AC$8:$AC$12, MATCH(LARGE($AD$8:$AD$12, 3), $AD$8:$AD$12, 0)) -> Balloon Boy | AK10: =W22 -> Bonnie | AL10: ='Week 1'!AP10 -> 0 | AM10: =AD41 -> 1 | AN10: =AH32 -> 1 | AO10: =AH15 -> 2 | AP10: =SUM(AL10:AO10) -> 4
A11: Employee Name | G11: # of Units Sold | K11: Total Sales | P11: UPT | S11: Average Transaction | W11: Lopez, Ebony | X11: =VLOOKUP(W11,$A$12:$S$57, 4,FALSE) -> 180 | Y11: =VLOOKUP(W11,$A$12:$S$57, 8,FALSE) -> 510 | Z11: =VLOOKUP(W11,$A$12:$S$57, 16,FALSE) -> 2.83 | AC11: =W50 -> Balloon Boy | AD11: =Z50 -> 2.7127937 | AE11: =SUM(X53:X61) -> 766 | AK11: =W36 -> Freddy | AL11: ='Week 1'!AP11 -> 5 | AM11: =AD54 -> 0 | AN11: =AH33 -> 0 | AO11: =AH16 -> 0 | AP11: =SUM(AL11:AO11) -> 5
A12: Admin, AMC | D12: 0 | H12: 0 | L12: 0 | P12: 0 | S12: 0 | W12: Allen, Wren | X12: =VLOOKUP(W12,$A$12:$S$57, 4,FALSE) -> 170 | Y12: =VLOOKUP(W12,$A$12:$S$57, 8,FALSE) -> 503 | Z12: =VLOOKUP(W12,$A$12:$S$57, 16,FALSE) -> 2.96 | AC12: =W63 -> Foxy | AD12: =Z63 -> 2.602 | AE12: =SUM(X66:X74) -> 500 | AK12: =W50 -> Balloon Boy | AL12: ='Week 1'!AP12 -> 2 | AM12: =AD66 -> 3 | AN12: =AH34 -> 1 | AO12: =AH17 -> 1 | AP12: =SUM(AL12:AO12) -> 7
A13: admin2, amc | D13: 0 | H13: 0 | L13: 0 | P13: 0 | S13: 0 | W13: Araya, Kidane | X13: =VLOOKUP(W13,$A$12:$S$57, 4,FALSE) -> 133 | Y13: =VLOOKUP(W13,$A$12:$S$57, 8,FALSE) -> 314 | Z13: =VLOOKUP(W13,$A$12:$S$57, 16,FALSE) -> 2.36 | AC13: THEATRE | AD13: =I9 -> 2.71 | AE13: =SUM(D12:D55) -> 3256 | AG13: Earned Points Ranking | AK13: =W63 -> Foxy | AL13: ='Week 1'!AP13 -> 2 | AM13: =AD78 -> 0 | AN13: =AH35 -> 0 | AO13: =AH18 -> 0 | AP13: =SUM(AL13:AO13) -> 2
A14: Administrator, RSM | D14: 0 | H14: 0 | L14: 0 | P14: 0 | S14: 0 | W14: Gemmer, Jake | X14: =VLOOKUP(W14,$A$12:$S$57, 4,FALSE) -> 99 | Y14: =VLOOKUP(W14,$A$12:$S$57, 8,FALSE) -> 272 | Z14: =VLOOKUP(W14,$A$12:$S$57, 16,FALSE) -> 2.75 | AG14: =W8 -> Chica | AH14: =IF(AG14=$AH$8,3,IF(AG14=$AH$9,2,IF(AG14=$AH$10,1,0))) -> 3
A15: Albert, Rowan | D15: 178 | H15: 470 | L15: 4311.18 | P15: 2.64 | S15: 24.22 | W15: Jackson, Parker | X15: =VLOOKUP(W15,$A$12:$S$57, 4,FALSE) -> 112 | Y15: =VLOOKUP(W15,$A$12:$S$57, 8,FALSE) -> 330 | Z15: =VLOOKUP(W15,$A$12:$S$57, 16,FALSE) -> 2.95 | AG15: =W22 -> Bonnie | AH15: =IF(AG15=$AH$8,3,IF(AG15=$AH$9,2,IF(AG15=$AH$10,1,0))) -> 2 | AM15: Leaderboard
A16: Alemayehu, Eyouel | D16: 0 | H16: 0 | L16: 0 | P16: 0 | S16: 0 | W16: Mccarty, Katelynn | X16: =VLOOKUP(W16,$A$12:$S$57, 4,FALSE) -> 61 | Y16: =VLOOKUP(W16,$A$12:$S$57, 8,FALSE) -> 151 | Z16: =VLOOKUP(W16,$A$12:$S$57, 16,FALSE) -> 2.48 | AG16: =W36 -> Freddy | AH16: =IF(AG16=$AH$8,3,IF(AG16=$AH$9,2,IF(AG16=$AH$10,1,0))) -> 0 | AM16: First | AN16: =INDEX($AK$9:$AK$13, MATCH(LARGE($AP$9:$AP$13, 1), $AP$9:$AP$13, 0)) -> Chica
A17: Allen, Wren | D17: 170 | H17: 503 | L17: 4755.16 | P17: 2.96 | S17: 27.97 | W17: Montero, Rowan | X17: =VLOOKUP(W17,$A$12:$S$57, 4,FALSE) -> 101 | Y17: =VLOOKUP(W17,$A$12:$S$57, 8,FALSE) -> 244 | Z17: =VLOOKUP(W17,$A$12:$S$57, 16,FALSE) -> 2.42 | AC17: =W8 -> Chica | AD17: Bonus Points? | AG17: =W50 -> Balloon Boy | AH17: =IF(AG17=$AH$8,3,IF(AG17=$AH$9,2,IF(AG17=$AH$10,1,0))) -> 1 | AM17: Second | AN17: =INDEX($AK$9:$AK$13, MATCH(LARGE($AP$9:$AP$13, 2), $AP$9:$AP$13, 0)) -> Balloon Boy
A18: Araya, Kidane | D18: 133 | H18: 314 | L18: 2830.17 | P18: 2.36 | S18: 21.28 | W18: Pepper, Court | X18: =VLOOKUP(W18,$A$12:$S$57, 4,FALSE) -> 143 | Y18: =VLOOKUP(W18,$A$12:$S$57, 8,FALSE) -> 420 | Z18: =VLOOKUP(W18,$A$12:$S$57, 16,FALSE) -> 2.94 | AC18: =W11 -> Lopez, Ebony | AD18: =IF(VLOOKUP(AC18,$W:$Z,2,FALSE)>=100, IF(VLOOKUP(AC18,$W:$Z,4,FALSE)>$AD$13, IF(VLOOKUP(AC18,$W:$Z,4,FALSE)>=$AD$13+0.5,3, IF(VLOOKUP(AC18,$W:$Z,4,FALSE)>=$AD$13+0.25,2,1) ), 0), 0) -> 1 | AG18: =W63 -> Foxy | AH18: =IF(AG18=$AH$8,3,IF(AG18=$AH$9,2,IF(AG18=$AH$10,1,0))) -> 0 | AM18: Third | AN18: =INDEX($AK$9:$AK$13, MATCH(LARGE($AP$9:$AP$13, 3), $AP$9:$AP$13, 0)) -> Freddy
A19: Clemensen, Belle | D19: 172 | H19: 428 | L19: 3920.75 | P19: 2.49 | S19: 22.8 | W19: Taylor, Ronni | X19: =VLOOKUP(W19,$A$12:$S$57, 4,FALSE) -> 91 | Y19: =VLOOKUP(W19,$A$12:$S$57, 8,FALSE) -> 282 | Z19: =VLOOKUP(W19,$A$12:$S$57, 16,FALSE) -> 3.1 | AC19: =W12 -> Allen, Wren | AD19: =IF(VLOOKUP(AC19,$W:$Z,2,FALSE)>=100, IF(VLOOKUP(AC19,$W:$Z,4,FALSE)>$AD$13, IF(VLOOKUP(AC19,$W:$Z,4,FALSE)>=$AD$13+0.5,3, IF(VLOOKUP(AC19,$W:$Z,4,FALSE)>=$AD$13+0.25,2,1) ), 0), 0) -> 2 | AM19: Fourth | AN19: =INDEX($AK$9:$AK$13, MATCH(LARGE($AP$9:$AP$13, 4), $AP$9:$AP$13, 0)) -> Bonnie
A20: Cloud, Annette | D20: 0 | H20: 0 | L20: 0 | P20: 0 | S20: 0 | V20: keira | W20: Admin, AMC | X20: =VLOOKUP(W20,$A$12:$S$57, 4,FALSE) -> 0 | Y20: =VLOOKUP(W20,$A$12:$S$57, 8,FALSE) -> 0 | Z20: =VLOOKUP(W20,$A$12:$S$57, 16,FALSE) -> 0 | AC20: =W13 -> Araya, Kidane | AD20: =IF(VLOOKUP(AC20,$W:$Z,2,FALSE)>=100, IF(VLOOKUP(AC20,$W:$Z,4,FALSE)>$AD$13, IF(VLOOKUP(AC20,$W:$Z,4,FALSE)>=$AD$13+0.5,3, IF(VLOOKUP(AC20,$W:$Z,4,FALSE)>=$AD$13+0.25,2,1) ), 0), 0) -> 0 | AM20: Fifth | AN20: =INDEX($AK$9:$AK$13, MATCH(LARGE($AP$9:$AP$13, 5), $AP$9:$AP$13, 0)) -> Foxy
A21: DaPra, Kylan | D21: 57 | H21: 158 | L21: 1539.07 | P21: 2.77 | S21: 27 | AC21: =W14 -> Gemmer, Jake | AD21: =IF(VLOOKUP(AC21,$W:$Z,2,FALSE)>=100, IF(VLOOKUP(AC21,$W:$Z,4,FALSE)>$AD$13, IF(VLOOKUP(AC21,$W:$Z,4,FALSE)>=$AD$13+0.5,3, IF(VLOOKUP(AC21,$W:$Z,4,FALSE)>=$AD$13+0.25,2,1) ), 0), 0) -> 0 | AG21: Last Week
A22: Delelu, Samra | D22: 0 | H22: 0 | L22: 0 | P22: 0 | S22: 0 | W22: Bonnie | Y22: UPT | Z22: =(SUM(Y25:Y34)/SUM(X25:X34)) -> 2.7297297 | AC22: =W15 -> Jackson, Parker | AD22: =IF(VLOOKUP(AC22,$W:$Z,2,FALSE)>=100, IF(VLOOKUP(AC22,$W:$Z,4,FALSE)>$AD$13, IF(VLOOKUP(AC22,$W:$Z,4,FALSE)>=$AD$13+0.5,3, IF(VLOOKUP(AC22,$W:$Z,4,FALSE)>=$AD$13+0.25,2,1) ), 0), 0) -> 1 | AG22: Team | AH22: UPT
A23: Dick, Emilie | D23: 52 | H23: 133 | L23: 1210.2 | P23: 2.56 | S23: 23.27 | AC23: =W16 -> Mccarty, Katelynn | AD23: =IF(VLOOKUP(AC23,$W:$Z,2,FALSE)>=100, IF(VLOOKUP(AC23,$W:$Z,4,FALSE)>$AD$13, IF(VLOOKUP(AC23,$W:$Z,4,FALSE)>=$AD$13+0.5,3, IF(VLOOKUP(AC23,$W:$Z,4,FALSE)>=$AD$13+0.25,2,1) ), 0), 0) -> 0 | AG23: =W8 -> Chica | AH23: ='Week 1'!AD8 -> 2.6683203
A24: Farmer, Kasey | D24: 105 | H24: 256 | L24: 2381.08 | P24: 2.44 | S24: 22.68 | X24: # Transactions | Y24: # of Units Sold | Z24: UPT | AC24: =W17 -> Montero, Rowan | AD24: =IF(VLOOKUP(AC24,$W:$Z,2,FALSE)>=100, IF(VLOOKUP(AC24,$W:$Z,4,FALSE)>$AD$13, IF(VLOOKUP(AC24,$W:$Z,4,FALSE)>=$AD$13+0.5,3, IF(VLOOKUP(AC24,$W:$Z,4,FALSE)>=$AD$13+0.25,2,1) ), 0), 0) -> 0 | AG24: =W22 -> Bonnie | AH24: ='Week 1'!AD9 -> 2.5670498
A25: Gashu, Amanuel | D25: 60 | H25: 188 | L25: 1731.31 | P25: 3.13 | S25: 28.86 | W25: Zeller, Daniel | X25: =VLOOKUP(W25,$A$12:$S$57, 4,FALSE) -> 25 | Y25: =VLOOKUP(W25,$A$12:$S$57, 8,FALSE) -> 75 | Z25: =VLOOKUP(W25,$A$12:$S$57, 16,FALSE) -> 3 | AC25: =W18 -> Pepper, Court | AD25: =IF(VLOOKUP(AC25,$W:$Z,2,FALSE)>=100, IF(VLOOKUP(AC25,$W:$Z,4,FALSE)>$AD$13, IF(VLOOKUP(AC25,$W:$Z,4,FALSE)>=$AD$13+0.5,3, IF(VLOOKUP(AC25,$W:$Z,4,FALSE)>=$AD$13+0.25,2,1) ), 0), 0) -> 1 | AG25: =W36 -> Freddy | AH25: ='Week 1'!AD10 -> 2.8501742
A26: Gemmer, Jake | D26: 99 | H26: 272 | L26: 2468.5 | P26: 2.75 | S26: 24.93 | W26: Dick, Emilie | X26: =VLOOKUP(W26,$A$12:$S$57, 4,FALSE) -> 52 | Y26: =VLOOKUP(W26,$A$12:$S$57, 8,FALSE) -> 133 | Z26: =VLOOKUP(W26,$A$12:$S$57, 16,FALSE) -> 2.56 | AC26: =W19 -> Taylor, Ronni | AD26: =IF(VLOOKUP(AC26,$W:$Z,2,FALSE)>=100, IF(VLOOKUP(AC26,$W:$Z,4,FALSE)>$AD$13, IF(VLOOKUP(AC26,$W:$Z,4,FALSE)>=$AD$13+0.5,3, IF(VLOOKUP(AC26,$W:$Z,4,FALSE)>=$AD$13+0.25,2,1) ), 0), 0) -> 0 | AG26: =W50 -> Balloon Boy | AH26: ='Week 1'!AD11 -> 2.6995012
A27: Grover, Grover | D27: 0 | H27: 0 | L27: 0 | P27: 0 | S27: 0 | W27: Farmer, Kasey | X27: =VLOOKUP(W27,$A$12:$S$57, 4,FALSE) -> 105 | Y27: =VLOOKUP(W27,$A$12:$S$57, 8,FALSE) -> 256 | Z27: =VLOOKUP(W27,$A$12:$S$57, 16,FALSE) -> 2.44 | AC27: =W20 -> Admin, AMC | AD27: =IF(VLOOKUP(AC27,$W:$Z,2,FALSE)>=100, IF(VLOOKUP(AC27,$W:$Z,4,FALSE)>$AD$13, IF(VLOOKUP(AC27,$W:$Z,4,FALSE)>=$AD$13+0.5,3, IF(VLOOKUP(AC27,$W:$Z,4,FALSE)>=$AD$13+0.25,2,1) ), 0), 0) -> 0 | AG27: =W63 -> Foxy | AH27: ='Week 1'!AD12 -> 2.6168091
A28: Hatch, Aidan | D28: 0 | H28: 0 | L28: 0 | P28: 0 | S28: 0 | W28: Gashu, Amanuel | X28: =VLOOKUP(W28,$A$12:$S$57, 4,FALSE) -> 60 | Y28: =VLOOKUP(W28,$A$12:$S$57, 8,FALSE) -> 188 | Z28: =VLOOKUP(W28,$A$12:$S$57, 16,FALSE) -> 3.13 | AC28: Total Bonus | AD28: =SUM(AD18:AD27) -> 5
A29: Hill, Gabby | D29: 12 | H29: 37 | L29: 351.48 | P29: 3.08 | S29: 29.29 | W29: Grover, Grover | X29: =VLOOKUP(W29,$A$12:$S$57, 4,FALSE) -> 0 | Y29: =VLOOKUP(W29,$A$12:$S$57, 8,FALSE) -> 0 | Z29: =VLOOKUP(W29,$A$12:$S$57, 16,FALSE) -> 0
A30: Isreal, Zeal | D30: 217 | H30: 593 | L30: 5319.91 | P30: 2.73 | S30: 24.52 | W30: Hatch, Aidan | X30: =VLOOKUP(W30,$A$12:$S$57, 4,FALSE) -> 0 | Y30: =VLOOKUP(W30,$A$12:$S$57, 8,FALSE) -> 0 | Z30: =VLOOKUP(W30,$A$12:$S$57, 16,FALSE) -> 0 | AC30: =W22 -> Bonnie | AD30: Bonus Points? | AG30: Bonus Point for Team Improvement?
A31: Jackson, Parker | D31: 112 | H31: 330 | L31: 3000.93 | P31: 2.95 | S31: 26.79 | W31: Miller, Taytem | X31: =VLOOKUP(W31,$A$12:$S$57, 4,FALSE) -> 23 | Y31: =VLOOKUP(W31,$A$12:$S$57, 8,FALSE) -> 62 | Z31: =VLOOKUP(W31,$A$12:$S$57, 16,FALSE) -> 2.7 | AC31: =W25 -> Zeller, Daniel | AD31: =IF(VLOOKUP(AC31,$W:$Z,2,FALSE)>=100, IF(VLOOKUP(AC31,$W:$Z,4,FALSE)>$AD$13, IF(VLOOKUP(AC31,$W:$Z,4,FALSE)>=$AD$13+0.5,3, IF(VLOOKUP(AC31,$W:$Z,4,FALSE)>=$AD$13+0.25,2,1) ), 0), 0) -> 0 | AG31: =W8 -> Chica | AH31: =IF(AD8>AH23,1,0) -> 1
A32: Kelly, Ryan | D32: 14 | H32: 37 | L32: 315.66 | P32: 2.64 | S32: 22.55 | W32: Ryder, Erin | X32: =VLOOKUP(W32,$A$12:$S$57, 4,FALSE) -> 76 | Y32: =VLOOKUP(W32,$A$12:$S$57, 8,FALSE) -> 217 | Z32: =VLOOKUP(W32,$A$12:$S$57, 16,FALSE) -> 2.86 | AC32: =W26 -> Dick, Emilie | AD32: =IF(VLOOKUP(AC32,$W:$Z,2,FALSE)>=100, IF(VLOOKUP(AC32,$W:$Z,4,FALSE)>$AD$13, IF(VLOOKUP(AC32,$W:$Z,4,FALSE)>=$AD$13+0.5,3, IF(VLOOKUP(AC32,$W:$Z,4,FALSE)>=$AD$13+0.25,2,1) ), 0), 0) -> 0 | AG32: =W22 -> Bonnie | AH32: =IF(AD9>AH24, 1,0) -> 1
A33: Koessler, Bayley | D33: 0 | H33: 0 | L33: 0 | P33: 0 | S33: 0 | W33: Yandle, Chuck | X33: =VLOOKUP(W33,$A$12:$S$57, 4,FALSE) -> 140 | Y33: =VLOOKUP(W33,$A$12:$S$57, 8,FALSE) -> 382 | Z33: =VLOOKUP(W33,$A$12:$S$57, 16,FALSE) -> 2.73 | AC33: =W27 -> Farmer, Kasey | AD33: =IF(VLOOKUP(AC33,$W:$Z,2,FALSE)>=100, IF(VLOOKUP(AC33,$W:$Z,4,FALSE)>$AD$13, IF(VLOOKUP(AC33,$W:$Z,4,FALSE)>=$AD$13+0.5,3, IF(VLOOKUP(AC33,$W:$Z,4,FALSE)>=$AD$13+0.25,2,1) ), 0), 0) -> 0 | AG33: =W36 -> Freddy | AH33: =IF(AD10>AH25, 1,0) -> 0
A34: Krause, Daniel | D34: 191 | H34: 515 | L34: 4776.96 | P34: 2.7 | S34: 25.01 | V34: abby | W34: Admin, AMC | X34: =VLOOKUP(W34,$A$12:$S$57, 4,FALSE) -> 0 | Y34: =VLOOKUP(W34,$A$12:$S$57, 8,FALSE) -> 0 | Z34: =VLOOKUP(W34,$A$12:$S$57, 16,FALSE) -> 0 | AC34: =W28 -> Gashu, Amanuel | AD34: =IF(VLOOKUP(AC34,$W:$Z,2,FALSE)>=100, IF(VLOOKUP(AC34,$W:$Z,4,FALSE)>$AD$13, IF(VLOOKUP(AC34,$W:$Z,4,FALSE)>=$AD$13+0.5,3, IF(VLOOKUP(AC34,$W:$Z,4,FALSE)>=$AD$13+0.25,2,1) ), 0), 0) -> 0 | AG34: =W50 -> Balloon Boy | AH34: =IF(AD11>AH26, 1,0) -> 1
A35: Lingg, Beckett | D35: 0 | H35: 0 | L35: 0 | P35: 0 | S35: 0 | AC35: =W29 -> Grover, Grover | AD35: =IF(VLOOKUP(AC35,$W:$Z,2,FALSE)>=100, IF(VLOOKUP(AC35,$W:$Z,4,FALSE)>$AD$13, IF(VLOOKUP(AC35,$W:$Z,4,FALSE)>=$AD$13+0.5,3, IF(VLOOKUP(AC35,$W:$Z,4,FALSE)>=$AD$13+0.25,2,1) ), 0), 0) -> 0 | AG35: =W63 -> Foxy | AH35: =IF(AD12>AH27, 1,0) -> 0
A36: Lopez, Ebony | D36: 180 | H36: 510 | L36: 4681.6 | P36: 2.83 | S36: 26.01 | W36: Freddy | Y36: UPT | Z36: =(SUM(Y39:Y48)/SUM(X39:X48)) -> 2.6085919 | AC36: =W30 -> Hatch, Aidan | AD36: =IF(VLOOKUP(AC36,$W:$Z,2,FALSE)>=100, IF(VLOOKUP(AC36,$W:$Z,4,FALSE)>$AD$13, IF(VLOOKUP(AC36,$W:$Z,4,FALSE)>=$AD$13+0.5,3, IF(VLOOKUP(AC36,$W:$Z,4,FALSE)>=$AD$13+0.25,2,1) ), 0), 0) -> 0
A37: Lopez, Matthew | D37: 58 | H37: 192 | L37: 1720.68 | P37: 3.31 | S37: 29.67 | AC37: =W31 -> Miller, Taytem | AD37: =IF(VLOOKUP(AC37,$W:$Z,2,FALSE)>=100, IF(VLOOKUP(AC37,$W:$Z,4,FALSE)>$AD$13, IF(VLOOKUP(AC37,$W:$Z,4,FALSE)>=$AD$13+0.5,3, IF(VLOOKUP(AC37,$W:$Z,4,FALSE)>=$AD$13+0.25,2,1) ), 0), 0) -> 0
A38: Mccarty, Katelynn | D38: 61 | H38: 151 | L38: 1429.46 | P38: 2.48 | S38: 23.43 | X38: # Transactions | Y38: # of Units Sold | Z38: UPT | AC38: =W32 -> Ryder, Erin | AD38: =IF(VLOOKUP(AC38,$W:$Z,2,FALSE)>=100, IF(VLOOKUP(AC38,$W:$Z,4,FALSE)>$AD$13, IF(VLOOKUP(AC38,$W:$Z,4,FALSE)>=$AD$13+0.5,3, IF(VLOOKUP(AC38,$W:$Z,4,FALSE)>=$AD$13+0.25,2,1) ), 0), 0) -> 0
A39: McChesney, Jack | D39: 102 | H39: 229 | L39: 2006.11 | P39: 2.25 | S39: 19.67 | W39: DaPra, Kylan | X39: =VLOOKUP(W39,$A$12:$S$57, 4,FALSE) -> 57 | Y39: =VLOOKUP(W39,$A$12:$S$57, 8,FALSE) -> 158 | Z39: =VLOOKUP(W39,$A$12:$S$57, 16,FALSE) -> 2.77 | AC39: =W33 -> Yandle, Chuck | AD39: =IF(VLOOKUP(AC39,$W:$Z,2,FALSE)>=100, IF(VLOOKUP(AC39,$W:$Z,4,FALSE)>$AD$13, IF(VLOOKUP(AC39,$W:$Z,4,FALSE)>=$AD$13+0.5,3, IF(VLOOKUP(AC39,$W:$Z,4,FALSE)>=$AD$13+0.25,2,1) ), 0), 0) -> 1
A40: Miller, Taytem | D40: 23 | H40: 62 | L40: 672.67 | P40: 2.7 | S40: 29.25 | W40: Albert, Rowan | X40: =VLOOKUP(W40,$A$12:$S$57, 4,FALSE) -> 178 | Y40: =VLOOKUP(W40,$A$12:$S$57, 8,FALSE) -> 470 | Z40: =VLOOKUP(W40,$A$12:$S$57, 16,FALSE) -> 2.64 | AC40: =W34 -> Admin, AMC | AD40: =IF(VLOOKUP(AC40,$W:$Z,2,FALSE)>=100, IF(VLOOKUP(AC40,$W:$Z,4,FALSE)>$AD$13, IF(VLOOKUP(AC40,$W:$Z,4,FALSE)>=$AD$13+0.5,3, IF(VLOOKUP(AC40,$W:$Z,4,FALSE)>=$AD$13+0.25,2,1) ), 0), 0) -> 0
A41: Mitchell, Gabe | D41: 68 | H41: 164 | L41: 1566.75 | P41: 2.41 | S41: 23.04 | W41: Clemensen, Belle | X41: =VLOOKUP(W41,$A$12:$S$57, 4,FALSE) -> 172 | Y41: =VLOOKUP(W41,$A$12:$S$57, 8,FALSE) -> 428 | Z41: =VLOOKUP(W41,$A$12:$S$57, 16,FALSE) -> 2.49 | AC41: Total Bonus | AD41: =SUM(AD31:AD40) -> 1
A42: Montero, Rowan | D42: 101 | H42: 244 | L42: 2739.62 | P42: 2.42 | S42: 27.12 | W42: Cloud, Annette | X42: =VLOOKUP(W42,$A$12:$S$57, 4,FALSE) -> 0 | Y42: =VLOOKUP(W42,$A$12:$S$57, 8,FALSE) -> 0 | Z42: =VLOOKUP(W42,$A$12:$S$57, 16,FALSE) -> 0
A43: Ops, Prog | D43: 0 | H43: 0 | L43: 0 | P43: 0 | S43: 0 | W43: Hill, Gabby | X43: =VLOOKUP(W43,$A$12:$S$57, 4,FALSE) -> 12 | Y43: =VLOOKUP(W43,$A$12:$S$57, 8,FALSE) -> 37 | Z43: =VLOOKUP(W43,$A$12:$S$57, 16,FALSE) -> 3.08 | AC43: =W36 -> Freddy | AD43: Bonus Points?
A44: Pepper, Court | D44: 143 | H44: 420 | L44: 4213.27 | P44: 2.94 | S44: 29.46 | W44: Koessler, Bayley | X44: =VLOOKUP(W44,$A$12:$S$57, 4,FALSE) -> 0 | Y44: =VLOOKUP(W44,$A$12:$S$57, 8,FALSE) -> 0 | Z44: =VLOOKUP(W44,$A$12:$S$57, 16,FALSE) -> 0 | AC44: =W39 -> DaPra, Kylan | AD44: =IF(VLOOKUP(AC44,$W:$Z,2,FALSE)>=100, IF(VLOOKUP(AC44,$W:$Z,4,FALSE)>$AD$13, IF(VLOOKUP(AC44,$W:$Z,4,FALSE)>=$AD$13+0.5,3, IF(VLOOKUP(AC44,$W:$Z,4,FALSE)>=$AD$13+0.25,2,1) ), 0), 0) -> 0
A45: Perez-Tellez, Damien | D45: 146 | H45: 358 | L45: 3865.77 | P45: 2.45 | S45: 26.48 | W45: Wetsit, Karlos | X45: =VLOOKUP(W45,$A$12:$S$57, 4,FALSE) -> 0 | Y45: =VLOOKUP(W45,$A$12:$S$57, 8,FALSE) -> 0 | Z45: =VLOOKUP(W45,$A$12:$S$57, 16,FALSE) -> 0 | AC45: =W40 -> Albert, Rowan | AD45: =IF(VLOOKUP(AC45,$W:$Z,2,FALSE)>=100, IF(VLOOKUP(AC45,$W:$Z,4,FALSE)>$AD$13, IF(VLOOKUP(AC45,$W:$Z,4,FALSE)>=$AD$13+0.5,3, IF(VLOOKUP(AC45,$W:$Z,4,FALSE)>=$AD$13+0.25,2,1) ), 0), 0) -> 0
A46: Ryder, Erin | D46: 76 | H46: 217 | L46: 1884.84 | P46: 2.86 | S46: 24.8 | V46: ella | W46: Admin, AMC | X46: =VLOOKUP(W46,$A$12:$S$57, 4,FALSE) -> 0 | Y46: =VLOOKUP(W46,$A$12:$S$57, 8,FALSE) -> 0 | Z46: =VLOOKUP(W46,$A$12:$S$57, 16,FALSE) -> 0 | AC46: =W41 -> Clemensen, Belle | AD46: =IF(VLOOKUP(AC46,$W:$Z,2,FALSE)>=100, IF(VLOOKUP(AC46,$W:$Z,4,FALSE)>$AD$13, IF(VLOOKUP(AC46,$W:$Z,4,FALSE)>=$AD$13+0.5,3, IF(VLOOKUP(AC46,$W:$Z,4,FALSE)>=$AD$13+0.25,2,1) ), 0), 0) -> 0
A47: Santaella, Adriana | D47: 177 | H47: 412 | L47: 4429.45 | P47: 2.33 | S47: 25.03 | V47: lauren | W47: Admin, AMC | X47: =VLOOKUP(W47,$A$12:$S$57, 4,FALSE) -> 0 | Y47: =VLOOKUP(W47,$A$12:$S$57, 8,FALSE) -> 0 | Z47: =VLOOKUP(W47,$A$12:$S$57, 16,FALSE) -> 0 | AC47: =W42 -> Cloud, Annette | AD47: =IF(VLOOKUP(AC47,$W:$Z,2,FALSE)>=100, IF(VLOOKUP(AC47,$W:$Z,4,FALSE)>$AD$13, IF(VLOOKUP(AC47,$W:$Z,4,FALSE)>=$AD$13+0.5,3, IF(VLOOKUP(AC47,$W:$Z,4,FALSE)>=$AD$13+0.25,2,1) ), 0), 0) -> 0
A48: Shteyngart, Jenna | D48: 52 | H48: 168 | L48: 1652.14 | P48: 3.23 | S48: 31.77 | V48: nick | W48: Admin, AMC | X48: =VLOOKUP(W48,$A$12:$S$57, 4,FALSE) -> 0 | Y48: =VLOOKUP(W48,$A$12:$S$57, 8,FALSE) -> 0 | Z48: =VLOOKUP(W48,$A$12:$S$57, 16,FALSE) -> 0 | AC48: =W43 -> Hill, Gabby | AD48: =IF(VLOOKUP(AC48,$W:$Z,2,FALSE)>=100, IF(VLOOKUP(AC48,$W:$Z,4,FALSE)>$AD$13, IF(VLOOKUP(AC48,$W:$Z,4,FALSE)>=$AD$13+0.5,3, IF(VLOOKUP(AC48,$W:$Z,4,FALSE)>=$AD$13+0.25,2,1) ), 0), 0) -> 0
A49: Smith, Anders | D49: 212 | H49: 645 | L49: 5923.09 | P49: 3.04 | S49: 27.94 | AC49: =W44 -> Koessler, Bayley | AD49: =IF(VLOOKUP(AC49,$W:$Z,2,FALSE)>=100, IF(VLOOKUP(AC49,$W:$Z,4,FALSE)>$AD$13, IF(VLOOKUP(AC49,$W:$Z,4,FALSE)>=$AD$13+0.5,3, IF(VLOOKUP(AC49,$W:$Z,4,FALSE)>=$AD$13+0.25,2,1) ), 0), 0) -> 0
A50: Taylor, Ronni | D50: 91 | H50: 282 | L50: 2647.55 | P50: 3.1 | S50: 29.09 | W50: Balloon Boy | Y50: UPT | Z50: =(SUM(Y53:Y61)/SUM(X53:X61)) -> 2.7127937 | AC50: =W45 -> Wetsit, Karlos | AD50: =IF(VLOOKUP(AC50,$W:$Z,2,FALSE)>=100, IF(VLOOKUP(AC50,$W:$Z,4,FALSE)>$AD$13, IF(VLOOKUP(AC50,$W:$Z,4,FALSE)>=$AD$13+0.5,3, IF(VLOOKUP(AC50,$W:$Z,4,FALSE)>=$AD$13+0.25,2,1) ), 0), 0) -> 0
A51: Wetsit, Karlos | D51: 0 | H51: 0 | L51: 0 | P51: 0 | S51: 0 | AC51: =W46 -> Admin, AMC | AD51: =IF(VLOOKUP(AC51,$W:$Z,2,FALSE)>=100, IF(VLOOKUP(AC51,$W:$Z,4,FALSE)>$AD$13, IF(VLOOKUP(AC51,$W:$Z,4,FALSE)>=$AD$13+0.5,3, IF(VLOOKUP(AC51,$W:$Z,4,FALSE)>=$AD$13+0.25,2,1) ), 0), 0) -> 0
A52: Woodke, Jeralyn | D52: 6 | H52: 18 | L52: 164.45 | P52: 3 | S52: 27.41 | X52: # Transactions | Y52: # of Units Sold | Z52: UPT | AC52: =W47 -> Admin, AMC | AD52: =IF(VLOOKUP(AC52,$W:$Z,2,FALSE)>=100, IF(VLOOKUP(AC52,$W:$Z,4,FALSE)>$AD$13, IF(VLOOKUP(AC52,$W:$Z,4,FALSE)>=$AD$13+0.5,3, IF(VLOOKUP(AC52,$W:$Z,4,FALSE)>=$AD$13+0.25,2,1) ), 0), 0) -> 0
A53: Yandle, Chuck | D53: 140 | H53: 382 | L53: 3574.34 | P53: 2.73 | S53: 25.53 | W53: Kelly, Ryan | X53: =VLOOKUP(W53,$A$12:$S$57, 4,FALSE) -> 14 | Y53: =VLOOKUP(W53,$A$12:$S$57, 8,FALSE) -> 37 | Z53: =VLOOKUP(W53,$A$12:$S$57, 16,FALSE) -> 2.64 | AC53: =W48 -> Admin, AMC | AD53: =IF(VLOOKUP(AC53,$W:$Z,2,FALSE)>=100, IF(VLOOKUP(AC53,$W:$Z,4,FALSE)>$AD$13, IF(VLOOKUP(AC53,$W:$Z,4,FALSE)>=$AD$13+0.5,3, IF(VLOOKUP(AC53,$W:$Z,4,FALSE)>=$AD$13+0.25,2,1) ), 0), 0) -> 0
A54: Zeller, Daniel | D54: 25 | H54: 75 | L54: 730.13 | P54: 3 | S54: 29.21 | W54: Isreal, Zeal | X54: =VLOOKUP(W54,$A$12:$S$57, 4,FALSE) -> 217 | Y54: =VLOOKUP(W54,$A$12:$S$57, 8,FALSE) -> 593 | Z54: =VLOOKUP(W54,$A$12:$S$57, 16,FALSE) -> 2.73 | AC54: Total Bonus | AD54: =SUM(AD44:AD53) -> 0
A55: Zinn Krulewitch, Mari | D55: 23 | H55: 48 | L55: 688.67 | P55: 2.09 | S55: 29.94 | W55: Lingg, Beckett | X55: =VLOOKUP(W55,$A$12:$S$57, 4,FALSE) -> 0 | Y55: =VLOOKUP(W55,$A$12:$S$57, 8,FALSE) -> 0 | Z55: =VLOOKUP(W55,$A$12:$S$57, 16,FALSE) -> 0
W56: McChesney, Jack | X56: =VLOOKUP(W56,$A$12:$S$57, 4,FALSE) -> 102 | Y56: =VLOOKUP(W56,$A$12:$S$57, 8,FALSE) -> 229 | Z56: =VLOOKUP(W56,$A$12:$S$57, 16,FALSE) -> 2.25 | AC56: =W50 -> Balloon Boy | AD56: Bonus Points?
W57: Perez-Tellez, Damien | X57: =VLOOKUP(W57,$A$12:$S$57, 4,FALSE) -> 146 | Y57: =VLOOKUP(W57,$A$12:$S$57, 8,FALSE) -> 358 | Z57: =VLOOKUP(W57,$A$12:$S$57, 16,FALSE) -> 2.45 | AC57: =W53 -> Kelly, Ryan | AD57: =IF(VLOOKUP(AC57,$W:$Z,2,FALSE)>=100, IF(VLOOKUP(AC57,$W:$Z,4,FALSE)>$AD$13, IF(VLOOKUP(AC57,$W:$Z,4,FALSE)>=$AD$13+0.5,3, IF(VLOOKUP(AC57,$W:$Z,4,FALSE)>=$AD$13+0.25,2,1) ), 0), 0) -> 0
W58: Shteyngart, Jenna | X58: =VLOOKUP(W58,$A$12:$S$57, 4,FALSE) -> 52 | Y58: =VLOOKUP(W58,$A$12:$S$57, 8,FALSE) -> 168 | Z58: =VLOOKUP(W58,$A$12:$S$57, 16,FALSE) -> 3.23 | AC58: =W54 -> Isreal, Zeal | AD58: =IF(VLOOKUP(AC58,$W:$Z,2,FALSE)>=100, IF(VLOOKUP(AC58,$W:$Z,4,FALSE)>$AD$13, IF(VLOOKUP(AC58,$W:$Z,4,FALSE)>=$AD$13+0.5,3, IF(VLOOKUP(AC58,$W:$Z,4,FALSE)>=$AD$13+0.25,2,1) ), 0), 0) -> 1
W59: Smith, Anders | X59: =VLOOKUP(W59,$A$12:$S$57, 4,FALSE) -> 212 | Y59: =VLOOKUP(W59,$A$12:$S$57, 8,FALSE) -> 645 | Z59: =VLOOKUP(W59,$A$12:$S$57, 16,FALSE) -> 3.04 | AC59: =W55 -> Lingg, Beckett | AD59: =IF(VLOOKUP(AC59,$W:$Z,2,FALSE)>=100, IF(VLOOKUP(AC59,$W:$Z,4,FALSE)>$AD$13, IF(VLOOKUP(AC59,$W:$Z,4,FALSE)>=$AD$13+0.5,3, IF(VLOOKUP(AC59,$W:$Z,4,FALSE)>=$AD$13+0.25,2,1) ), 0), 0) -> 0
W60: Zinn Krulewitch, Mari | X60: =VLOOKUP(W60,$A$12:$S$57, 4,FALSE) -> 23 | Y60: =VLOOKUP(W60,$A$12:$S$57, 8,FALSE) -> 48 | Z60: =VLOOKUP(W60,$A$12:$S$57, 16,FALSE) -> 2.09 | AC60: =W56 -> McChesney, Jack | AD60: =IF(VLOOKUP(AC60,$W:$Z,2,FALSE)>=100, IF(VLOOKUP(AC60,$W:$Z,4,FALSE)>$AD$13, IF(VLOOKUP(AC60,$W:$Z,4,FALSE)>=$AD$13+0.5,3, IF(VLOOKUP(AC60,$W:$Z,4,FALSE)>=$AD$13+0.25,2,1) ), 0), 0) -> 0
V61: iris | W61: Admin, AMC | X61: =VLOOKUP(W61,$A$12:$S$57, 4,FALSE) -> 0 | Y61: =VLOOKUP(W61,$A$12:$S$57, 8,FALSE) -> 0 | Z61: =VLOOKUP(W61,$A$12:$S$57, 16,FALSE) -> 0 | AC61: =W57 -> Perez-Tellez, Damien | AD61: =IF(VLOOKUP(AC61,$W:$Z,2,FALSE)>=100, IF(VLOOKUP(AC61,$W:$Z,4,FALSE)>$AD$13, IF(VLOOKUP(AC61,$W:$Z,4,FALSE)>=$AD$13+0.5,3, IF(VLOOKUP(AC61,$W:$Z,4,FALSE)>=$AD$13+0.25,2,1) ), 0), 0) -> 0
AC62: =W58 -> Shteyngart, Jenna | AD62: =IF(VLOOKUP(AC62,$W:$Z,2,FALSE)>=100, IF(VLOOKUP(AC62,$W:$Z,4,FALSE)>$AD$13, IF(VLOOKUP(AC62,$W:$Z,4,FALSE)>=$AD$13+0.5,3, IF(VLOOKUP(AC62,$W:$Z,4,FALSE)>=$AD$13+0.25,2,1) ), 0), 0) -> 0
W63: Foxy | Y63: UPT | Z63: =(SUM(Y66:Y74)/SUM(X66:X74)) -> 2.602 | AC63: =W59 -> Smith, Anders | AD63: =IF(VLOOKUP(AC63,$W:$Z,2,FALSE)>=100, IF(VLOOKUP(AC63,$W:$Z,4,FALSE)>$AD$13, IF(VLOOKUP(AC63,$W:$Z,4,FALSE)>=$AD$13+0.5,3, IF(VLOOKUP(AC63,$W:$Z,4,FALSE)>=$AD$13+0.25,2,1) ), 0), 0) -> 2
AC64: =W60 -> Zinn Krulewitch, Mari | AD64: =IF(VLOOKUP(AC64,$W:$Z,2,FALSE)>=100, IF(VLOOKUP(AC64,$W:$Z,4,FALSE)>$AD$13, IF(VLOOKUP(AC64,$W:$Z,4,FALSE)>=$AD$13+0.5,3, IF(VLOOKUP(AC64,$W:$Z,4,FALSE)>=$AD$13+0.25,2,1) ), 0), 0) -> 0
X65: # Transactions | Y65: # of Units Sold | Z65: UPT | AC65: =W61 -> Admin, AMC | AD65: =IF(VLOOKUP(AC65,$W:$Z,2,FALSE)>=100, IF(VLOOKUP(AC65,$W:$Z,4,FALSE)>$AD$13, IF(VLOOKUP(AC65,$W:$Z,4,FALSE)>=$AD$13+0.5,3, IF(VLOOKUP(AC65,$W:$Z,4,FALSE)>=$AD$13+0.25,2,1) ), 0), 0) -> 0
W66: Mitchell, Gabe | X66: =VLOOKUP(W66,$A$12:$S$57, 4,FALSE) -> 68 | Y66: =VLOOKUP(W66,$A$12:$S$57, 8,FALSE) -> 164 | Z66: =VLOOKUP(W66,$A$12:$S$57, 16,FALSE) -> 2.41 | AC66: Total Bonus | AD66: =SUM(AD57:AD65) -> 3
W67: Alemayehu, Eyouel | X67: =VLOOKUP(W67,$A$12:$S$57, 4,FALSE) -> 0 | Y67: =VLOOKUP(W67,$A$12:$S$57, 8,FALSE) -> 0 | Z67: =VLOOKUP(W67,$A$12:$S$57, 16,FALSE) -> 0
W68: Delelu, Samra | X68: =VLOOKUP(W68,$A$12:$S$57, 4,FALSE) -> 0 | Y68: =VLOOKUP(W68,$A$12:$S$57, 8,FALSE) -> 0 | Z68: =VLOOKUP(W68,$A$12:$S$57, 16,FALSE) -> 0 | AC68: =W63 -> Foxy | AD68: Bonus Points?
W69: Krause, Daniel | X69: =VLOOKUP(W69,$A$12:$S$57, 4,FALSE) -> 191 | Y69: =VLOOKUP(W69,$A$12:$S$57, 8,FALSE) -> 515 | Z69: =VLOOKUP(W69,$A$12:$S$57, 16,FALSE) -> 2.7 | AC69: =W66 -> Mitchell, Gabe | AD69: =IF(VLOOKUP(AC69,$W:$Z,2,FALSE)>=100, IF(VLOOKUP(AC69,$W:$Z,4,FALSE)>$AD$13, IF(VLOOKUP(AC69,$W:$Z,4,FALSE)>=$AD$13+0.5,3, IF(VLOOKUP(AC69,$W:$Z,4,FALSE)>=$AD$13+0.25,2,1) ), 0), 0) -> 0
W70: Lopez, Matthew | X70: =VLOOKUP(W70,$A$12:$S$57, 4,FALSE) -> 58 | Y70: =VLOOKUP(W70,$A$12:$S$57, 8,FALSE) -> 192 | Z70: =VLOOKUP(W70,$A$12:$S$57, 16,FALSE) -> 3.31 | AC70: =W67 -> Alemayehu, Eyouel | AD70: =IF(VLOOKUP(AC70,$W:$Z,2,FALSE)>=100, IF(VLOOKUP(AC70,$W:$Z,4,FALSE)>$AD$13, IF(VLOOKUP(AC70,$W:$Z,4,FALSE)>=$AD$13+0.5,3, IF(VLOOKUP(AC70,$W:$Z,4,FALSE)>=$AD$13+0.25,2,1) ), 0), 0) -> 0
W71: Santaella, Adriana | X71: =VLOOKUP(W71,$A$12:$S$57, 4,FALSE) -> 177 | Y71: =VLOOKUP(W71,$A$12:$S$57, 8,FALSE) -> 412 | Z71: =VLOOKUP(W71,$A$12:$S$57, 16,FALSE) -> 2.33 | AC71: =W68 -> Delelu, Samra | AD71: =IF(VLOOKUP(AC71,$W:$Z,2,FALSE)>=100, IF(VLOOKUP(AC71,$W:$Z,4,FALSE)>$AD$13, IF(VLOOKUP(AC71,$W:$Z,4,FALSE)>=$AD$13+0.5,3, IF(VLOOKUP(AC71,$W:$Z,4,FALSE)>=$AD$13+0.25,2,1) ), 0), 0) -> 0
W72: Woodke, Jeralyn | X72: =VLOOKUP(W72,$A$12:$S$57, 4,FALSE) -> 6 | Y72: =VLOOKUP(W72,$A$12:$S$57, 8,FALSE) -> 18 | Z72: =VLOOKUP(W72,$A$12:$S$57, 16,FALSE) -> 3 | AC72: =W69 -> Krause, Daniel | AD72: =IF(VLOOKUP(AC72,$W:$Z,2,FALSE)>=100, IF(VLOOKUP(AC72,$W:$Z,4,FALSE)>$AD$13, IF(VLOOKUP(AC72,$W:$Z,4,FALSE)>=$AD$13+0.5,3, IF(VLOOKUP(AC72,$W:$Z,4,FALSE)>=$AD$13+0.25,2,1) ), 0), 0) -> 0
V73: emily | W73: Admin, AMC | X73: =VLOOKUP(W73,$A$12:$S$57, 4,FALSE) -> 0 | Y73: =VLOOKUP(W73,$A$12:$S$57, 8,FALSE) -> 0 | Z73: =VLOOKUP(W73,$A$12:$S$57, 16,FALSE) -> 0 | AC73: =W70 -> Lopez, Matthew | AD73: =IF(VLOOKUP(AC73,$W:$Z,2,FALSE)>=100, IF(VLOOKUP(AC73,$W:$Z,4,FALSE)>$AD$13, IF(VLOOKUP(AC73,$W:$Z,4,FALSE)>=$AD$13+0.5,3, IF(VLOOKUP(AC73,$W:$Z,4,FALSE)>=$AD$13+0.25,2,1) ), 0), 0) -> 0
V74: cam | W74: Admin, AMC | X74: =VLOOKUP(W74,$A$12:$S$57, 4,FALSE) -> 0 | Y74: =VLOOKUP(W74,$A$12:$S$57, 8,FALSE) -> 0 | Z74: =VLOOKUP(W74,$A$12:$S$57, 16,FALSE) -> 0 | AC74: =W71 -> Santaella, Adriana | AD74: =IF(VLOOKUP(AC74,$W:$Z,2,FALSE)>=100, IF(VLOOKUP(AC74,$W:$Z,4,FALSE)>$AD$13, IF(VLOOKUP(AC74,$W:$Z,4,FALSE)>=$AD$13+0.5,3, IF(VLOOKUP(AC74,$W:$Z,4,FALSE)>=$AD$13+0.25,2,1) ), 0), 0) -> 0
AC75: =W72 -> Woodke, Jeralyn | AD75: =IF(VLOOKUP(AC75,$W:$Z,2,FALSE)>=100, IF(VLOOKUP(AC75,$W:$Z,4,FALSE)>$AD$13, IF(VLOOKUP(AC75,$W:$Z,4,FALSE)>=$AD$13+0.5,3, IF(VLOOKUP(AC75,$W:$Z,4,FALSE)>=$AD$13+0.25,2,1) ), 0), 0) -> 0
AC76: =W73 -> Admin, AMC | AD76: =IF(VLOOKUP(AC76,$W:$Z,2,FALSE)>=100, IF(VLOOKUP(AC76,$W:$Z,4,FALSE)>$AD$13, IF(VLOOKUP(AC76,$W:$Z,4,FALSE)>=$AD$13+0.5,3, IF(VLOOKUP(AC76,$W:$Z,4,FALSE)>=$AD$13+0.25,2,1) ), 0), 0) -> 0
AC77: =W74 -> Admin, AMC | AD77: =IF(VLOOKUP(AC77,$W:$Z,2,FALSE)>=100, IF(VLOOKUP(AC77,$W:$Z,4,FALSE)>$AD$13, IF(VLOOKUP(AC77,$W:$Z,4,FALSE)>=$AD$13+0.5,3, IF(VLOOKUP(AC77,$W:$Z,4,FALSE)>=$AD$13+0.25,2,1) ), 0), 0) -> 0
AC78: Total Bonus | AD78: =SUM(AD69:AD77) -> 0

Sheet Week 3
A1: AMC | F1: Employee AweS.U.M. Report
A2: Woodinville Unit2449 (02449)
A3: 17640 138th Pl. NE
A4: Woodinville, Washington | F4: Business Date Range: 12/5/2025 to 12/11/2025
A5: 98072- | F5: Sort By Employee
A6: UNITED STATES
M7: Average | AC7: Team | AD7: UPT | AE7: n | AG7: Winner For the Week | AK7: Scoreboard
I8: UPT | M8: Transaction | W8: Chica | Y8: Average Tranaction | Z8: =(SUM(Y11:Y20)/SUM(X11:X20)) -> 2.5298507 | AC8: =W8 -> Chica | AD8: =Z8 -> 2.5298507 | AE8: =SUM(X11:X20) -> 402 | AG8: 1st | AH8: =INDEX($AC$8:$AC$12, MATCH(LARGE($AD$8:$AD$12, 1), $AD$8:$AD$12, 0)) -> Balloon Boy | AL8: Previous Week | AM8: Bonus Points (Individual) | AN8: Bonus Point Team Improvement | AO8: Earned Points | AP8: Total Points
G9: Theatre Average: | I9: 2.55 | O9: 24.48 | AC9: =W22 -> Bonnie | AD9: =Z22 -> 2.6206897 | AE9: =SUM(X25:X34) -> 522 | AG9: 2nd | AH9: =INDEX($AC$8:$AC$12, MATCH(LARGE($AD$8:$AD$12, 2), $AD$8:$AD$12, 0)) -> Bonnie | AK9: =W8 -> Chica | AL9: ='Week 2'!AP9 -> 11 | AM9: =AD28 -> 0 | AN9: =AH31 -> 0 | AO9: =AH14 -> 0 | AP9: =SUM(AL9:AO9) -> 11
D10: # of Transactions | X10: # Transactions | Y10: # of Units Sold | Z10: UPT | AC10: =W36 -> Freddy | AD10: =Z36 -> 2.5904437 | AE10: =SUM(X39:X48) -> 293 | AG10: 3rd | AH10: =INDEX($AC$8:$AC$12, MATCH(LARGE($AD$8:$AD$12, 3), $AD$8:$AD$12, 0)) -> Freddy | AK10: =W22 -> Bonnie | AL10: ='Week 2'!AP10 -> 4 | AM10: =AD41 -> 1 | AN10: =AH32 -> 0 | AO10: =AH15 -> 2 | AP10: =SUM(AL10:AO10) -> 7
A11: Employee Name | G11: # of Units Sold | K11: Total Sales | P11: UPT | S11: Average Transaction | W11: Lopez, Ebony | X11: =VLOOKUP(W11,$A$12:$S$54, 4,FALSE) -> 27 | Y11: =VLOOKUP(W11,$A$12:$S$54, 8,FALSE) -> 61 | Z11: =VLOOKUP(W11,$A$12:$S$54, 16,FALSE) -> 2.26 | AC11: =W50 -> Balloon Boy | AD11: =Z50 -> 2.6348588 | AE11: =SUM(X53:X62) -> 1027 | AK11: =W36 -> Freddy | AL11: ='Week 2'!AP11 -> 5 | AM11: =AD54 -> 2 | AN11: =AH33 -> 0 | AO11: =AH16 -> 1 | AP11: =SUM(AL11:AO11) -> 8
A12: Admin, AMC | D12: 0 | H12: 0 | L12: 0 | P12: 0 | S12: 0 | W12: Allen, Wren | X12: =VLOOKUP(W12,$A$12:$S$54, 4,FALSE) -> 0 | Y12: =VLOOKUP(W12,$A$12:$S$54, 8,FALSE) -> 0 | Z12: =VLOOKUP(W12,$A$12:$S$54, 16,FALSE) -> 0 | AC12: =W64 -> Foxy | AD12: =Z64 -> 2.3412698 | AE12: =SUM(X67:X75) -> 630 | AK12: =W50 -> Balloon Boy | AL12: ='Week 2'!AP12 -> 7 | AM12: =AD66 -> 2 | AN12: =AH34 -> 0 | AO12: =AH17 -> 3 | AP12: =SUM(AL12:AO12) -> 12
A13: admin2, amc | D13: 0 | H13: 0 | L13: 0 | P13: 0 | S13: 0 | W13: Araya, Kidane | X13: =VLOOKUP(W13,$A$12:$S$54, 4,FALSE) -> 147 | Y13: =VLOOKUP(W13,$A$12:$S$54, 8,FALSE) -> 353 | Z13: =VLOOKUP(W13,$A$12:$S$54, 16,FALSE) -> 2.4 | AC13: THEATRE | AD13: =I9 -> 2.55 | AE13: =SUM(D12:D56) -> 2874 | AG13: Earned Points Ranking | AK13: =W64 -> Foxy | AL13: ='Week 2'!AP13 -> 2 | AM13: =AD78 -> 0 | AN13: =AH35 -> 0 | AO13: =AH18 -> 0 | AP13: =SUM(AL13:AO13) -> 2
A14: Administrator, RSM | D14: 0 | H14: 0 | L14: 0 | P14: 0 | S14: 0 | W14: Gemmer, Jake | X14: =VLOOKUP(W14,$A$12:$S$54, 4,FALSE) -> 11 | Y14: =VLOOKUP(W14,$A$12:$S$54, 8,FALSE) -> 21 | Z14: =VLOOKUP(W14,$A$12:$S$54, 16,FALSE) -> 1.91 | AG14: =W8 -> Chica | AH14: =IF(AG14=$AH$8,3,IF(AG14=$AH$9,2,IF(AG14=$AH$10,1,0))) -> 0
A15: Albert, Rowan | D15: 64 | H15: 136 | L15: 1230.75 | P15: 2.13 | S15: 19.23 | W15: Jackson, Parker | X15: =VLOOKUP(W15,$A$12:$S$54, 4,FALSE) -> 85 | Y15: =VLOOKUP(W15,$A$12:$S$54, 8,FALSE) -> 249 | Z15: =VLOOKUP(W15,$A$12:$S$54, 16,FALSE) -> 2.93 | AG15: =W22 -> Bonnie | AH15: =IF(AG15=$AH$8,3,IF(AG15=$AH$9,2,IF(AG15=$AH$10,1,0))) -> 2 | AM15: Leaderboard
A16: Alemayehu, Eyouel | D16: 0 | H16: 0 | L16: 0 | P16: 0 | S16: 0 | W16: Mccarty, Katelynn | X16: =VLOOKUP(W16,$A$12:$S$54, 4,FALSE) -> 8 | Y16: =VLOOKUP(W16,$A$12:$S$54, 8,FALSE) -> 21 | Z16: =VLOOKUP(W16,$A$12:$S$54, 16,FALSE) -> 2.63 | AG16: =W36 -> Freddy | AH16: =IF(AG16=$AH$8,3,IF(AG16=$AH$9,2,IF(AG16=$AH$10,1,0))) -> 1 | AM16: First | AN16: =INDEX($AK$9:$AK$13, MATCH(LARGE($AP$9:$AP$13, 1), $AP$9:$AP$13, 0)) -> Balloon Boy
A17: Allen, Wren | D17: 0 | H17: 0 | L17: 0 | P17: 0 | S17: 0 | W17: Montero, Rowan | X17: =VLOOKUP(W17,$A$12:$S$54, 4,FALSE) -> 0 | Y17: =VLOOKUP(W17,$A$12:$S$54, 8,FALSE) -> 0 | Z17: =VLOOKUP(W17,$A$12:$S$54, 16,FALSE) -> 0 | AC17: =W8 -> Chica | AD17: Bonus Points? | AG17: =W50 -> Balloon Boy | AH17: =IF(AG17=$AH$8,3,IF(AG17=$AH$9,2,IF(AG17=$AH$10,1,0))) -> 3 | AM17: Second | AN17: =INDEX($AK$9:$AK$13, MATCH(LARGE($AP$9:$AP$13, 2), $AP$9:$AP$13, 0)) -> Chica
A18: Araya, Kidane | D18: 147 | H18: 353 | L18: 3850.68 | P18: 2.4 | S18: 26.2 | W18: Pepper, Courtney | X18: =VLOOKUP(W18,$A$12:$S$54, 4,FALSE) -> 124 | Y18: =VLOOKUP(W18,$A$12:$S$54, 8,FALSE) -> 312 | Z18: =VLOOKUP(W18,$A$12:$S$54, 16,FALSE) -> 2.52 | AC18: =W11 -> Lopez, Ebony | AD18: =IF(VLOOKUP(AC18,$W:$Z,2,FALSE)>=100, IF(VLOOKUP(AC18,$W:$Z,4,FALSE)>$AD$13, IF(VLOOKUP(AC18,$W:$Z,4,FALSE)>=$AD$13+0.5,3, IF(VLOOKUP(AC18,$W:$Z,4,FALSE)>=$AD$13+0.25,2,1) ), 0), 0) -> 0 | AG18: =W64 -> Foxy | AH18: =IF(AG18=$AH$8,3,IF(AG18=$AH$9,2,IF(AG18=$AH$10,1,0))) -> 0 | AM18: Third | AN18: =INDEX($AK$9:$AK$13, MATCH(LARGE($AP$9:$AP$13, 3), $AP$9:$AP$13, 0)) -> Freddy
A19: Cloud, Annette | D19: 0 | H19: 0 | L19: 0 | P19: 0 | S19: 0 | W19: Taylor, Ronni | X19: =VLOOKUP(W19,$A$12:$S$54, 4,FALSE) -> 0 | Y19: =VLOOKUP(W19,$A$12:$S$54, 8,FALSE) -> 0 | Z19: =VLOOKUP(W19,$A$12:$S$54, 16,FALSE) -> 0 | AC19: =W12 -> Allen, Wren | AD19: =IF(VLOOKUP(AC19,$W:$Z,2,FALSE)>=100, IF(VLOOKUP(AC19,$W:$Z,4,FALSE)>$AD$13, IF(VLOOKUP(AC19,$W:$Z,4,FALSE)>=$AD$13+0.5,3, IF(VLOOKUP(AC19,$W:$Z,4,FALSE)>=$AD$13+0.25,2,1) ), 0), 0) -> 0 | AM19: Fourth | AN19: =INDEX($AK$9:$AK$13, MATCH(LARGE($AP$9:$AP$13, 4), $AP$9:$AP$13, 0)) -> Bonnie
A20: DaPra, Kylan | D20: 93 | H20: 222 | L20: 2258.3 | P20: 2.39 | S20: 24.28 | V20: keira | W20: Admin, AMC | X20: =VLOOKUP(W20,$A$12:$S$54, 4,FALSE) -> 0 | Y20: =VLOOKUP(W20,$A$12:$S$54, 8,FALSE) -> 0 | Z20: =VLOOKUP(W20,$A$12:$S$54, 16,FALSE) -> 0 | AC20: =W13 -> Araya, Kidane | AD20: =IF(VLOOKUP(AC20,$W:$Z,2,FALSE)>=100, IF(VLOOKUP(AC20,$W:$Z,4,FALSE)>$AD$13, IF(VLOOKUP(AC20,$W:$Z,4,FALSE)>=$AD$13+0.5,3, IF(VLOOKUP(AC20,$W:$Z,4,FALSE)>=$AD$13+0.25,2,1) ), 0), 0) -> 0 | AM20: Fifth | AN20: =INDEX($AK$9:$AK$13, MATCH(LARGE($AP$9:$AP$13, 5), $AP$9:$AP$13, 0)) -> Foxy
A21: Delelu, Samra | D21: 0 | H21: 0 | L21: 0 | P21: 0 | S21: 0 | AC21: =W14 -> Gemmer, Jake | AD21: =IF(VLOOKUP(AC21,$W:$Z,2,FALSE)>=100, IF(VLOOKUP(AC21,$W:$Z,4,FALSE)>$AD$13, IF(VLOOKUP(AC21,$W:$Z,4,FALSE)>=$AD$13+0.5,3, IF(VLOOKUP(AC21,$W:$Z,4,FALSE)>=$AD$13+0.25,2,1) ), 0), 0) -> 0 | AG21: Last Week
A22: Dick, Emilie | D22: 71 | H22: 223 | L22: 1812.81 | P22: 3.14 | S22: 25.53 | W22: Bonnie | Y22: UPT | Z22: =(SUM(Y25:Y34)/SUM(X25:X34)) -> 2.6206897 | AC22: =W15 -> Jackson, Parker | AD22: =IF(VLOOKUP(AC22,$W:$Z,2,FALSE)>=100, IF(VLOOKUP(AC22,$W:$Z,4,FALSE)>$AD$13, IF(VLOOKUP(AC22,$W:$Z,4,FALSE)>=$AD$13+0.5,3, IF(VLOOKUP(AC22,$W:$Z,4,FALSE)>=$AD$13+0.25,2,1) ), 0), 0) -> 0 | AG22: Team | AH22: UPT
A23: Farmer, Kasey | D23: 41 | H23: 101 | L23: 896.15 | P23: 2.46 | S23: 21.86 | AC23: =W16 -> Mccarty, Katelynn | AD23: =IF(VLOOKUP(AC23,$W:$Z,2,FALSE)>=100, IF(VLOOKUP(AC23,$W:$Z,4,FALSE)>$AD$13, IF(VLOOKUP(AC23,$W:$Z,4,FALSE)>=$AD$13+0.5,3, IF(VLOOKUP(AC23,$W:$Z,4,FALSE)>=$AD$13+0.25,2,1) ), 0), 0) -> 0 | AG23: =W8 -> Chica | AH23: ='Week 2'!AD8 -> 2.7761468
A24: Findley, Amanda | D24: 0 | H24: 0 | L24: 0 | P24: 0 | S24: 0 | X24: # Transactions | Y24: # of Units Sold | Z24: UPT | AC24: =W17 -> Montero, Rowan | AD24: =IF(VLOOKUP(AC24,$W:$Z,2,FALSE)>=100, IF(VLOOKUP(AC24,$W:$Z,4,FALSE)>$AD$13, IF(VLOOKUP(AC24,$W:$Z,4,FALSE)>=$AD$13+0.5,3, IF(VLOOKUP(AC24,$W:$Z,4,FALSE)>=$AD$13+0.25,2,1) ), 0), 0) -> 0 | AG24: =W22 -> Bonnie | AH24: ='Week 2'!AD9 -> 2.7297297
A25: Gashu, Amanuel | D25: 0 | H25: 0 | L25: 0 | P25: 0 | S25: 0 | W25: Zeller, Daniel | X25: =VLOOKUP(W25,$A$12:$S$56, 4,FALSE) -> 48 | Y25: =VLOOKUP(W25,$A$12:$S$56, 8,FALSE) -> 123 | Z25: =VLOOKUP(W25,$A$12:$S$56, 16,FALSE) -> 2.56 | AC25: =W18 -> Pepper, Courtney | AD25: =IF(VLOOKUP(AC25,$W:$Z,2,FALSE)>=100, IF(VLOOKUP(AC25,$W:$Z,4,FALSE)>$AD$13, IF(VLOOKUP(AC25,$W:$Z,4,FALSE)>=$AD$13+0.5,3, IF(VLOOKUP(AC25,$W:$Z,4,FALSE)>=$AD$13+0.25,2,1) ), 0), 0) -> 0 | AG25: =W36 -> Freddy | AH25: ='Week 2'!AD10 -> 2.6085919
A26: Gemmer, Jake | D26: 11 | H26: 21 | L26: 196.49 | P26: 1.91 | S26: 17.86 | W26: Dick, Emilie | X26: =VLOOKUP(W26,$A$12:$S$56, 4,FALSE) -> 71 | Y26: =VLOOKUP(W26,$A$12:$S$56, 8,FALSE) -> 223 | Z26: =VLOOKUP(W26,$A$12:$S$56, 16,FALSE) -> 3.14 | AC26: =W19 -> Taylor, Ronni | AD26: =IF(VLOOKUP(AC26,$W:$Z,2,FALSE)>=100, IF(VLOOKUP(AC26,$W:$Z,4,FALSE)>$AD$13, IF(VLOOKUP(AC26,$W:$Z,4,FALSE)>=$AD$13+0.5,3, IF(VLOOKUP(AC26,$W:$Z,4,FALSE)>=$AD$13+0.25,2,1) ), 0), 0) -> 0 | AG26: =W50 -> Balloon Boy | AH26: ='Week 2'!AD11 -> 2.7127937
A27: Hatch, Aidan | D27: 49 | H27: 111 | L27: 970.35 | P27: 2.27 | S27: 19.8 | W27: Farmer, Kasey | X27: =VLOOKUP(W27,$A$12:$S$56, 4,FALSE) -> 41 | Y27: =VLOOKUP(W27,$A$12:$S$56, 8,FALSE) -> 101 | Z27: =VLOOKUP(W27,$A$12:$S$56, 16,FALSE) -> 2.46 | AC27: =W20 -> Admin, AMC | AD27: =IF(VLOOKUP(AC27,$W:$Z,2,FALSE)>=100, IF(VLOOKUP(AC27,$W:$Z,4,FALSE)>$AD$13, IF(VLOOKUP(AC27,$W:$Z,4,FALSE)>=$AD$13+0.5,3, IF(VLOOKUP(AC27,$W:$Z,4,FALSE)>=$AD$13+0.25,2,1) ), 0), 0) -> 0 | AG27: =W64 -> Foxy | AH27: ='Week 2'!AD12 -> 2.602
A28: Hill, Gabby | D28: 131 | H28: 393 | L28: 3708.73 | P28: 3 | S28: 28.31 | W28: Gashu, Amanuel | X28: =VLOOKUP(W28,$A$12:$S$56, 4,FALSE) -> 0 | Y28: =VLOOKUP(W28,$A$12:$S$56, 8,FALSE) -> 0 | Z28: =VLOOKUP(W28,$A$12:$S$56, 16,FALSE) -> 0 | AC28: Total Bonus | AD28: =SUM(AD18:AD27) -> 0
A29: Isreal, Zeal | D29: 409 | H29: 1085 | L29: 10873 | P29: 2.65 | S29: 26.59 | W29: Hatch, Aidan | X29: =VLOOKUP(W29,$A$12:$S$56, 4,FALSE) -> 49 | Y29: =VLOOKUP(W29,$A$12:$S$56, 8,FALSE) -> 111 | Z29: =VLOOKUP(W29,$A$12:$S$56, 16,FALSE) -> 2.27
A30: Jackson, Parker | D30: 85 | H30: 249 | L30: 2295.87 | P30: 2.93 | S30: 27.01 | W30: Miller, Taytem | X30: =VLOOKUP(W30,$A$12:$S$56, 4,FALSE) -> 65 | Y30: =VLOOKUP(W30,$A$12:$S$56, 8,FALSE) -> 172 | Z30: =VLOOKUP(W30,$A$12:$S$56, 16,FALSE) -> 2.65 | AC30: =W22 -> Bonnie | AD30: Bonus Points? | AG30: Bonus Point for Team Improvement?
A31: Kelly, Ryan | D31: 23 | H31: 153 | L31: 856.36 | P31: 6.65 | S31: 37.23 | W31: Ryder, Erin | X31: =VLOOKUP(W31,$A$12:$S$56, 4,FALSE) -> 126 | Y31: =VLOOKUP(W31,$A$12:$S$56, 8,FALSE) -> 337 | Z31: =VLOOKUP(W31,$A$12:$S$56, 16,FALSE) -> 2.67 | AC31: =W25 -> Zeller, Daniel | AD31: =IF(VLOOKUP(AC31,$W:$Z,2,FALSE)>=100, IF(VLOOKUP(AC31,$W:$Z,4,FALSE)>$AD$13, IF(VLOOKUP(AC31,$W:$Z,4,FALSE)>=$AD$13+0.5,3, IF(VLOOKUP(AC31,$W:$Z,4,FALSE)>=$AD$13+0.25,2,1) ), 0), 0) -> 0 | AG31: =W8 -> Chica | AH31: =IF(AD8>AH23,1,0) -> 0
A32: Koessler, Bayley | D32: 1 | H32: 2 | L32: 0 | P32: 2 | S32: 0 | W32: Yandle, Chuck | X32: =VLOOKUP(W32,$A$12:$S$56, 4,FALSE) -> 122 | Y32: =VLOOKUP(W32,$A$12:$S$56, 8,FALSE) -> 301 | Z32: =VLOOKUP(W32,$A$12:$S$56, 16,FALSE) -> 2.47 | AC32: =W26 -> Dick, Emilie | AD32: =IF(VLOOKUP(AC32,$W:$Z,2,FALSE)>=100, IF(VLOOKUP(AC32,$W:$Z,4,FALSE)>$AD$13, IF(VLOOKUP(AC32,$W:$Z,4,FALSE)>=$AD$13+0.5,3, IF(VLOOKUP(AC32,$W:$Z,4,FALSE)>=$AD$13+0.25,2,1) ), 0), 0) -> 0 | AG32: =W22 -> Bonnie | AH32: =IF(AD9>AH24, 1,0) -> 0
A33: Krause, Daniel | D33: 50 | H33: 99 | L33: 948.74 | P33: 1.98 | S33: 18.97 | W33: Admin, AMC | X33: =VLOOKUP(W33,$A$12:$S$56, 4,FALSE) -> 0 | Y33: =VLOOKUP(W33,$A$12:$S$56, 8,FALSE) -> 0 | Z33: =VLOOKUP(W33,$A$12:$S$56, 16,FALSE) -> 0 | AC33: =W27 -> Farmer, Kasey | AD33: =IF(VLOOKUP(AC33,$W:$Z,2,FALSE)>=100, IF(VLOOKUP(AC33,$W:$Z,4,FALSE)>$AD$13, IF(VLOOKUP(AC33,$W:$Z,4,FALSE)>=$AD$13+0.5,3, IF(VLOOKUP(AC33,$W:$Z,4,FALSE)>=$AD$13+0.25,2,1) ), 0), 0) -> 0 | AG33: =W36 -> Freddy | AH33: =IF(AD10>AH25, 1,0) -> 0
A34: Lawson, Nick | D34: 4 | H34: 6 | L34: 53.16 | P34: 1.5 | S34: 13.29 | V34: abby | W34: Admin, AMC | X34: =VLOOKUP(W34,$A$12:$S$56, 4,FALSE) -> 0 | Y34: =VLOOKUP(W34,$A$12:$S$56, 8,FALSE) -> 0 | Z34: =VLOOKUP(W34,$A$12:$S$56, 16,FALSE) -> 0 | AC34: =W28 -> Gashu, Amanuel | AD34: =IF(VLOOKUP(AC34,$W:$Z,2,FALSE)>=100, IF(VLOOKUP(AC34,$W:$Z,4,FALSE)>$AD$13, IF(VLOOKUP(AC34,$W:$Z,4,FALSE)>=$AD$13+0.5,3, IF(VLOOKUP(AC34,$W:$Z,4,FALSE)>=$AD$13+0.25,2,1) ), 0), 0) -> 0 | AG34: =W50 -> Balloon Boy | AH34: =IF(AD11>AH26, 1,0) -> 0
A35: Lingg, Beckett | D35: 0 | H35: 0 | L35: 0 | P35: 0 | S35: 0 | AC35: =W29 -> Hatch, Aidan | AD35: =IF(VLOOKUP(AC35,$W:$Z,2,FALSE)>=100, IF(VLOOKUP(AC35,$W:$Z,4,FALSE)>$AD$13, IF(VLOOKUP(AC35,$W:$Z,4,FALSE)>=$AD$13+0.5,3, IF(VLOOKUP(AC35,$W:$Z,4,FALSE)>=$AD$13+0.25,2,1) ), 0), 0) -> 0 | AG35: =W64 -> Foxy | AH35: =IF(AD12>AH27, 1,0) -> 0
A36: Lopez, Ebony | D36: 27 | H36: 61 | L36: 580.43 | P36: 2.26 | S36: 21.5 | W36: Freddy | Y36: UPT | Z36: =(SUM(Y39:Y48)/SUM(X39:X48)) -> 2.5904437 | AC36: =W30 -> Miller, Taytem | AD36: =IF(VLOOKUP(AC36,$W:$Z,2,FALSE)>=100, IF(VLOOKUP(AC36,$W:$Z,4,FALSE)>$AD$13, IF(VLOOKUP(AC36,$W:$Z,4,FALSE)>=$AD$13+0.5,3, IF(VLOOKUP(AC36,$W:$Z,4,FALSE)>=$AD$13+0.25,2,1) ), 0), 0) -> 0
A37: Lopez, Matthew | D37: 41 | H37: 109 | L37: 1008.73 | P37: 2.66 | S37: 24.6 | AC37: =W31 -> Ryder, Erin | AD37: =IF(VLOOKUP(AC37,$W:$Z,2,FALSE)>=100, IF(VLOOKUP(AC37,$W:$Z,4,FALSE)>$AD$13, IF(VLOOKUP(AC37,$W:$Z,4,FALSE)>=$AD$13+0.5,3, IF(VLOOKUP(AC37,$W:$Z,4,FALSE)>=$AD$13+0.25,2,1) ), 0), 0) -> 1
A38: Mccarty, Katelynn | D38: 8 | H38: 21 | L38: 192.5 | P38: 2.63 | S38: 24.06 | X38: # Transactions | Y38: # of Units Sold | Z38: UPT | AC38: =W32 -> Yandle, Chuck | AD38: =IF(VLOOKUP(AC38,$W:$Z,2,FALSE)>=100, IF(VLOOKUP(AC38,$W:$Z,4,FALSE)>$AD$13, IF(VLOOKUP(AC38,$W:$Z,4,FALSE)>=$AD$13+0.5,3, IF(VLOOKUP(AC38,$W:$Z,4,FALSE)>=$AD$13+0.25,2,1) ), 0), 0) -> 0
A39: McChesney, Jack | D39: 93 | H39: 221 | L39: 2104.66 | P39: 2.38 | S39: 22.63 | W39: DaPra, Kylan | X39: =VLOOKUP(W39,$A$12:$S$56, 4,FALSE) -> 93 | Y39: =VLOOKUP(W39,$A$12:$S$56, 8,FALSE) -> 222 | Z39: =VLOOKUP(W39,$A$12:$S$56, 16,FALSE) -> 2.39 | AC39: =W33 -> Admin, AMC | AD39: =IF(VLOOKUP(AC39,$W:$Z,2,FALSE)>=100, IF(VLOOKUP(AC39,$W:$Z,4,FALSE)>$AD$13, IF(VLOOKUP(AC39,$W:$Z,4,FALSE)>=$AD$13+0.5,3, IF(VLOOKUP(AC39,$W:$Z,4,FALSE)>=$AD$13+0.25,2,1) ), 0), 0) -> 0
A40: Miller, Taytem | D40: 65 | H40: 172 | L40: 1586.94 | P40: 2.65 | S40: 24.41 | W40: Albert, Rowan | X40: =VLOOKUP(W40,$A$12:$S$56, 4,FALSE) -> 64 | Y40: =VLOOKUP(W40,$A$12:$S$56, 8,FALSE) -> 136 | Z40: =VLOOKUP(W40,$A$12:$S$56, 16,FALSE) -> 2.13 | AC40: =W34 -> Admin, AMC | AD40: =IF(VLOOKUP(AC40,$W:$Z,2,FALSE)>=100, IF(VLOOKUP(AC40,$W:$Z,4,FALSE)>$AD$13, IF(VLOOKUP(AC40,$W:$Z,4,FALSE)>=$AD$13+0.5,3, IF(VLOOKUP(AC40,$W:$Z,4,FALSE)>=$AD$13+0.25,2,1) ), 0), 0) -> 0
A41: Mitchell, Gabe | D41: 161 | H41: 406 | L41: 3986.35 | P41: 2.52 | S41: 24.76 | W41: Cloud, Annette | X41: =VLOOKUP(W41,$A$12:$S$56, 4,FALSE) -> 0 | Y41: =VLOOKUP(W41,$A$12:$S$56, 8,FALSE) -> 0 | Z41: =VLOOKUP(W41,$A$12:$S$56, 16,FALSE) -> 0 | AC41: Total Bonus | AD41: =SUM(AD31:AD40) -> 1
A42: Montero, Rowan | D42: 0 | H42: 0 | L42: 0 | P42: 0 | S42: 0 | W42: Hill, Gabby | X42: =VLOOKUP(W42,$A$12:$S$56, 4,FALSE) -> 131 | Y42: =VLOOKUP(W42,$A$12:$S$56, 8,FALSE) -> 393 | Z42: =VLOOKUP(W42,$A$12:$S$56, 16,FALSE) -> 3
A43: Ops, Prog | D43: 0 | H43: 0 | L43: 0 | P43: 0 | S43: 0 | W43: Koessler, Bayley | X43: =VLOOKUP(W43,$A$12:$S$56, 4,FALSE) -> 1 | Y43: =VLOOKUP(W43,$A$12:$S$56, 8,FALSE) -> 2 | Z43: =VLOOKUP(W43,$A$12:$S$56, 16,FALSE) -> 2 | AC43: =W36 -> Freddy | AD43: Bonus Points?
A44: Pepper, Courtney | D44: 124 | H44: 312 | L44: 2936.28 | P44: 2.52 | S44: 23.68 | W44: Wetsit, Karlos | X44: =VLOOKUP(W44,$A$12:$S$56, 4,FALSE) -> 0 | Y44: =VLOOKUP(W44,$A$12:$S$56, 8,FALSE) -> 0 | Z44: =VLOOKUP(W44,$A$12:$S$56, 16,FALSE) -> 0 | AC44: =W39 -> DaPra, Kylan | AD44: =IF(VLOOKUP(AC44,$W:$Z,2,FALSE)>=100, IF(VLOOKUP(AC44,$W:$Z,4,FALSE)>$AD$13, IF(VLOOKUP(AC44,$W:$Z,4,FALSE)>=$AD$13+0.5,3, IF(VLOOKUP(AC44,$W:$Z,4,FALSE)>=$AD$13+0.25,2,1) ), 0), 0) -> 0
A45: Perez-Tellez, Damien | D45: 143 | H45: 366 | L45: 3286.9 | P45: 2.56 | S45: 22.99 | W45: Lawson, Nick | X45: =VLOOKUP(W45,$A$12:$S$56, 4,FALSE) -> 4 | Y45: =VLOOKUP(W45,$A$12:$S$56, 8,FALSE) -> 6 | Z45: =VLOOKUP(W45,$A$12:$S$56, 16,FALSE) -> 1.5 | AC45: =W40 -> Albert, Rowan | AD45: =IF(VLOOKUP(AC45,$W:$Z,2,FALSE)>=100, IF(VLOOKUP(AC45,$W:$Z,4,FALSE)>$AD$13, IF(VLOOKUP(AC45,$W:$Z,4,FALSE)>=$AD$13+0.5,3, IF(VLOOKUP(AC45,$W:$Z,4,FALSE)>=$AD$13+0.25,2,1) ), 0), 0) -> 0
A46: Ryder, Erin | D46: 126 | H46: 337 | L46: 3188.73 | P46: 2.67 | S46: 25.31 | V46: ella | W46: Admin, AMC | X46: =VLOOKUP(W46,$A$12:$S$56, 4,FALSE) -> 0 | Y46: =VLOOKUP(W46,$A$12:$S$56, 8,FALSE) -> 0 | Z46: =VLOOKUP(W46,$A$12:$S$56, 16,FALSE) -> 0 | AC46: =W41 -> Cloud, Annette | AD46: =IF(VLOOKUP(AC46,$W:$Z,2,FALSE)>=100, IF(VLOOKUP(AC46,$W:$Z,4,FALSE)>$AD$13, IF(VLOOKUP(AC46,$W:$Z,4,FALSE)>=$AD$13+0.5,3, IF(VLOOKUP(AC46,$W:$Z,4,FALSE)>=$AD$13+0.25,2,1) ), 0), 0) -> 0
A47: Ryder, Gavin | D47: 49 | H47: 108 | L47: 1025 | P47: 2.2 | S47: 20.92 | V47: lauren | W47: Admin, AMC | X47: =VLOOKUP(W47,$A$12:$S$56, 4,FALSE) -> 0 | Y47: =VLOOKUP(W47,$A$12:$S$56, 8,FALSE) -> 0 | Z47: =VLOOKUP(W47,$A$12:$S$56, 16,FALSE) -> 0 | AC47: =W42 -> Hill, Gabby | AD47: =IF(VLOOKUP(AC47,$W:$Z,2,FALSE)>=100, IF(VLOOKUP(AC47,$W:$Z,4,FALSE)>$AD$13, IF(VLOOKUP(AC47,$W:$Z,4,FALSE)>=$AD$13+0.5,3, IF(VLOOKUP(AC47,$W:$Z,4,FALSE)>=$AD$13+0.25,2,1) ), 0), 0) -> 2
A48: Santaella, Adriana | D48: 303 | H48: 687 | L48: 6845.26 | P48: 2.27 | S48: 22.59 | W48: Admin, AMC | X48: =VLOOKUP(W48,$A$12:$S$56, 4,FALSE) -> 0 | Y48: =VLOOKUP(W48,$A$12:$S$56, 8,FALSE) -> 0 | Z48: =VLOOKUP(W48,$A$12:$S$56, 16,FALSE) -> 0 | AC48: =W43 -> Koessler, Bayley | AD48: =IF(VLOOKUP(AC48,$W:$Z,2,FALSE)>=100, IF(VLOOKUP(AC48,$W:$Z,4,FALSE)>$AD$13, IF(VLOOKUP(AC48,$W:$Z,4,FALSE)>=$AD$13+0.5,3, IF(VLOOKUP(AC48,$W:$Z,4,FALSE)>=$AD$13+0.25,2,1) ), 0), 0) -> 0
A49: Shteyngart, Jenna | D49: 143 | H49: 355 | L49: 3935.11 | P49: 2.48 | S49: 27.52 | AC49: =W44 -> Wetsit, Karlos | AD49: =IF(VLOOKUP(AC49,$W:$Z,2,FALSE)>=100, IF(VLOOKUP(AC49,$W:$Z,4,FALSE)>$AD$13, IF(VLOOKUP(AC49,$W:$Z,4,FALSE)>=$AD$13+0.5,3, IF(VLOOKUP(AC49,$W:$Z,4,FALSE)>=$AD$13+0.25,2,1) ), 0), 0) -> 0
A50: Smith, Anders | D50: 167 | H50: 418 | L50: 3875.03 | P50: 2.5 | S50: 23.2 | W50: Balloon Boy | Y50: UPT | Z50: =(SUM(Y53:Y62)/SUM(X53:X62)) -> 2.6348588 | AC50: =W45 -> Lawson, Nick | AD50: =IF(VLOOKUP(AC50,$W:$Z,2,FALSE)>=100, IF(VLOOKUP(AC50,$W:$Z,4,FALSE)>$AD$13, IF(VLOOKUP(AC50,$W:$Z,4,FALSE)>=$AD$13+0.5,3, IF(VLOOKUP(AC50,$W:$Z,4,FALSE)>=$AD$13+0.25,2,1) ), 0), 0) -> 0
A51: Taylor, Ronni | D51: 0 | H51: 0 | L51: 0 | P51: 0 | S51: 0 | AC51: =W46 -> Admin, AMC | AD51: =IF(VLOOKUP(AC51,$W:$Z,2,FALSE)>=100, IF(VLOOKUP(AC51,$W:$Z,4,FALSE)>$AD$13, IF(VLOOKUP(AC51,$W:$Z,4,FALSE)>=$AD$13+0.5,3, IF(VLOOKUP(AC51,$W:$Z,4,FALSE)>=$AD$13+0.25,2,1) ), 0), 0) -> 0
A52: Wetsit, Karlos | D52: 0 | H52: 0 | L52: 0 | P52: 0 | S52: 0 | X52: # Transactions | Y52: # of Units Sold | Z52: UPT | AC52: =W47 -> Admin, AMC | AD52: =IF(VLOOKUP(AC52,$W:$Z,2,FALSE)>=100, IF(VLOOKUP(AC52,$W:$Z,4,FALSE)>$AD$13, IF(VLOOKUP(AC52,$W:$Z,4,FALSE)>=$AD$13+0.5,3, IF(VLOOKUP(AC52,$W:$Z,4,FALSE)>=$AD$13+0.25,2,1) ), 0), 0) -> 0
A53: Woodke, Jeralyn | D53: 75 | H53: 174 | L53: 1695.94 | P53: 2.32 | S53: 22.61 | W53: Kelly, Ryan | X53: =VLOOKUP(W53,$A$12:$S$56, 4,FALSE) -> 23 | Y53: =VLOOKUP(W53,$A$12:$S$56, 8,FALSE) -> 153 | Z53: =VLOOKUP(W53,$A$12:$S$56, 16,FALSE) -> 6.65 | AC53: =W48 -> Admin, AMC | AD53: =IF(VLOOKUP(AC53,$W:$Z,2,FALSE)>=100, IF(VLOOKUP(AC53,$W:$Z,4,FALSE)>$AD$13, IF(VLOOKUP(AC53,$W:$Z,4,FALSE)>=$AD$13+0.5,3, IF(VLOOKUP(AC53,$W:$Z,4,FALSE)>=$AD$13+0.25,2,1) ), 0), 0) -> 0
A54: Yandle, Chuck | D54: 122 | H54: 301 | L54: 2885.59 | P54: 2.47 | S54: 23.65 | W54: Isreal, Zeal | X54: =VLOOKUP(W54,$A$12:$S$56, 4,FALSE) -> 409 | Y54: =VLOOKUP(W54,$A$12:$S$56, 8,FALSE) -> 1085 | Z54: =VLOOKUP(W54,$A$12:$S$56, 16,FALSE) -> 2.65 | AC54: Total Bonus | AD54: =SUM(AD44:AD53) -> 2
A55: Zeller, Daniel | D55: 48 | H55: 123 | L55: 1178.16 | P55: 2.56 | S55: 24.55 | W55: Lingg, Beckett | X55: =VLOOKUP(W55,$A$12:$S$56, 4,FALSE) -> 0 | Y55: =VLOOKUP(W55,$A$12:$S$56, 8,FALSE) -> 0 | Z55: =VLOOKUP(W55,$A$12:$S$56, 16,FALSE) -> 0
A56: Zinn Krulewitch, Mari | D56: 0 | H56: 0 | L56: 0 | P56: 0 | S56: 0 | W56: McChesney, Jack | X56: =VLOOKUP(W56,$A$12:$S$56, 4,FALSE) -> 93 | Y56: =VLOOKUP(W56,$A$12:$S$56, 8,FALSE) -> 221 | Z56: =VLOOKUP(W56,$A$12:$S$56, 16,FALSE) -> 2.38 | AC56: =W50 -> Balloon Boy | AD56: Bonus Points?
W57: Perez-Tellez, Damien | X57: =VLOOKUP(W57,$A$12:$S$56, 4,FALSE) -> 143 | Y57: =VLOOKUP(W57,$A$12:$S$56, 8,FALSE) -> 366 | Z57: =VLOOKUP(W57,$A$12:$S$56, 16,FALSE) -> 2.56 | AC57: =W53 -> Kelly, Ryan | AD57: =IF(VLOOKUP(AC57,$W:$Z,2,FALSE)>=100, IF(VLOOKUP(AC57,$W:$Z,4,FALSE)>$AD$13, IF(VLOOKUP(AC57,$W:$Z,4,FALSE)>=$AD$13+0.5,3, IF(VLOOKUP(AC57,$W:$Z,4,FALSE)>=$AD$13+0.25,2,1) ), 0), 0) -> 0
W58: Shteyngart, Jenna | X58: =VLOOKUP(W58,$A$12:$S$56, 4,FALSE) -> 143 | Y58: =VLOOKUP(W58,$A$12:$S$56, 8,FALSE) -> 355 | Z58: =VLOOKUP(W58,$A$12:$S$56, 16,FALSE) -> 2.48 | AC58: =W54 -> Isreal, Zeal | AD58: =IF(VLOOKUP(AC58,$W:$Z,2,FALSE)>=100, IF(VLOOKUP(AC58,$W:$Z,4,FALSE)>$AD$13, IF(VLOOKUP(AC58,$W:$Z,4,FALSE)>=$AD$13+0.5,3, IF(VLOOKUP(AC58,$W:$Z,4,FALSE)>=$AD$13+0.25,2,1) ), 0), 0) -> 1
W59: Smith, Anders | X59: =VLOOKUP(W59,$A$12:$S$56, 4,FALSE) -> 167 | Y59: =VLOOKUP(W59,$A$12:$S$56, 8,FALSE) -> 418 | Z59: =VLOOKUP(W59,$A$12:$S$56, 16,FALSE) -> 2.5 | AC59: =W55 -> Lingg, Beckett | AD59: =IF(VLOOKUP(AC59,$W:$Z,2,FALSE)>=100, IF(VLOOKUP(AC59,$W:$Z,4,FALSE)>$AD$13, IF(VLOOKUP(AC59,$W:$Z,4,FALSE)>=$AD$13+0.5,3, IF(VLOOKUP(AC59,$W:$Z,4,FALSE)>=$AD$13+0.25,2,1) ), 0), 0) -> 0
W60: Zinn Krulewitch, Mari | X60: =VLOOKUP(W60,$A$12:$S$56, 4,FALSE) -> 0 | Y60: =VLOOKUP(W60,$A$12:$S$56, 8,FALSE) -> 0 | Z60: =VLOOKUP(W60,$A$12:$S$56, 16,FALSE) -> 0 | AC60: =W56 -> McChesney, Jack | AD60: =IF(VLOOKUP(AC60,$W:$Z,2,FALSE)>=100, IF(VLOOKUP(AC60,$W:$Z,4,FALSE)>$AD$13, IF(VLOOKUP(AC60,$W:$Z,4,FALSE)>=$AD$13+0.5,3, IF(VLOOKUP(AC60,$W:$Z,4,FALSE)>=$AD$13+0.25,2,1) ), 0), 0) -> 0
V61: iris | W61: Ryder, Gavin | X61: =VLOOKUP(W61,$A$12:$S$56, 4,FALSE) -> 49 | Y61: =VLOOKUP(W61,$A$12:$S$56, 8,FALSE) -> 108 | Z61: =VLOOKUP(W61,$A$12:$S$56, 16,FALSE) -> 2.2 | AC61: =W57 -> Perez-Tellez, Damien | AD61: =IF(VLOOKUP(AC61,$W:$Z,2,FALSE)>=100, IF(VLOOKUP(AC61,$W:$Z,4,FALSE)>$AD$13, IF(VLOOKUP(AC61,$W:$Z,4,FALSE)>=$AD$13+0.5,3, IF(VLOOKUP(AC61,$W:$Z,4,FALSE)>=$AD$13+0.25,2,1) ), 0), 0) -> 1
W62: Admin, AMC | X62: =VLOOKUP(W62,$A$12:$S$56, 4,FALSE) -> 0 | Y62: =VLOOKUP(W62,$A$12:$S$56, 8,FALSE) -> 0 | Z62: =VLOOKUP(W62,$A$12:$S$56, 16,FALSE) -> 0 | AC62: =W58 -> Shteyngart, Jenna | AD62: =IF(VLOOKUP(AC62,$W:$Z,2,FALSE)>=100, IF(VLOOKUP(AC62,$W:$Z,4,FALSE)>$AD$13, IF(VLOOKUP(AC62,$W:$Z,4,FALSE)>=$AD$13+0.5,3, IF(VLOOKUP(AC62,$W:$Z,4,FALSE)>=$AD$13+0.25,2,1) ), 0), 0) -> 0
AC63: =W59 -> Smith, Anders | AD63: =IF(VLOOKUP(AC63,$W:$Z,2,FALSE)>=100, IF(VLOOKUP(AC63,$W:$Z,4,FALSE)>$AD$13, IF(VLOOKUP(AC63,$W:$Z,4,FALSE)>=$AD$13+0.5,3, IF(VLOOKUP(AC63,$W:$Z,4,FALSE)>=$AD$13+0.25,2,1) ), 0), 0) -> 0
W64: Foxy | Y64: UPT | Z64: =(SUM(Y67:Y75)/SUM(X67:X75)) -> 2.3412698 | AC64: =W60 -> Zinn Krulewitch, Mari | AD64: =IF(VLOOKUP(AC64,$W:$Z,2,FALSE)>=100, IF(VLOOKUP(AC64,$W:$Z,4,FALSE)>$AD$13, IF(VLOOKUP(AC64,$W:$Z,4,FALSE)>=$AD$13+0.5,3, IF(VLOOKUP(AC64,$W:$Z,4,FALSE)>=$AD$13+0.25,2,1) ), 0), 0) -> 0
AC65: =W62 -> Admin, AMC | AD65: =IF(VLOOKUP(AC65,$W:$Z,2,FALSE)>=100, IF(VLOOKUP(AC65,$W:$Z,4,FALSE)>$AD$13, IF(VLOOKUP(AC65,$W:$Z,4,FALSE)>=$AD$13+0.5,3, IF(VLOOKUP(AC65,$W:$Z,4,FALSE)>=$AD$13+0.25,2,1) ), 0), 0) -> 0
X66: # Transactions | Y66: # of Units Sold | Z66: UPT | AC66: Total Bonus | AD66: =SUM(AD57:AD65) -> 2
W67: Mitchell, Gabe | X67: =VLOOKUP(W67,$A$12:$S$56, 4,FALSE) -> 161 | Y67: =VLOOKUP(W67,$A$12:$S$56, 8,FALSE) -> 406 | Z67: =VLOOKUP(W67,$A$12:$S$56, 16,FALSE) -> 2.52
W68: Alemayehu, Eyouel | X68: =VLOOKUP(W68,$A$12:$S$56, 4,FALSE) -> 0 | Y68: =VLOOKUP(W68,$A$12:$S$56, 8,FALSE) -> 0 | Z68: =VLOOKUP(W68,$A$12:$S$56, 16,FALSE) -> 0 | AC68: =W64 -> Foxy | AD68: Bonus Points?
W69: Delelu, Samra | X69: =VLOOKUP(W69,$A$12:$S$56, 4,FALSE) -> 0 | Y69: =VLOOKUP(W69,$A$12:$S$56, 8,FALSE) -> 0 | Z69: =VLOOKUP(W69,$A$12:$S$56, 16,FALSE) -> 0 | AC69: =W67 -> Mitchell, Gabe | AD69: =IF(VLOOKUP(AC69,$W:$Z,2,FALSE)>=100, IF(VLOOKUP(AC69,$W:$Z,4,FALSE)>$AD$13, IF(VLOOKUP(AC69,$W:$Z,4,FALSE)>=$AD$13+0.5,3, IF(VLOOKUP(AC69,$W:$Z,4,FALSE)>=$AD$13+0.25,2,1) ), 0), 0) -> 0
W70: Krause, Daniel | X70: =VLOOKUP(W70,$A$12:$S$56, 4,FALSE) -> 50 | Y70: =VLOOKUP(W70,$A$12:$S$56, 8,FALSE) -> 99 | Z70: =VLOOKUP(W70,$A$12:$S$56, 16,FALSE) -> 1.98 | AC70: =W68 -> Alemayehu, Eyouel | AD70: =IF(VLOOKUP(AC70,$W:$Z,2,FALSE)>=100, IF(VLOOKUP(AC70,$W:$Z,4,FALSE)>$AD$13, IF(VLOOKUP(AC70,$W:$Z,4,FALSE)>=$AD$13+0.5,3, IF(VLOOKUP(AC70,$W:$Z,4,FALSE)>=$AD$13+0.25,2,1) ), 0), 0) -> 0
W71: Lopez, Matthew | X71: =VLOOKUP(W71,$A$12:$S$56, 4,FALSE) -> 41 | Y71: =VLOOKUP(W71,$A$12:$S$56, 8,FALSE) -> 109 | Z71: =VLOOKUP(W71,$A$12:$S$56, 16,FALSE) -> 2.66 | AC71: =W69 -> Delelu, Samra | AD71: =IF(VLOOKUP(AC71,$W:$Z,2,FALSE)>=100, IF(VLOOKUP(AC71,$W:$Z,4,FALSE)>$AD$13, IF(VLOOKUP(AC71,$W:$Z,4,FALSE)>=$AD$13+0.5,3, IF(VLOOKUP(AC71,$W:$Z,4,FALSE)>=$AD$13+0.25,2,1) ), 0), 0) -> 0
W72: Santaella, Adriana | X72: =VLOOKUP(W72,$A$12:$S$56, 4,FALSE) -> 303 | Y72: =VLOOKUP(W72,$A$12:$S$56, 8,FALSE) -> 687 | Z72: =VLOOKUP(W72,$A$12:$S$56, 16,FALSE) -> 2.27 | AC72: =W70 -> Krause, Daniel | AD72: =IF(VLOOKUP(AC72,$W:$Z,2,FALSE)>=100, IF(VLOOKUP(AC72,$W:$Z,4,FALSE)>$AD$13, IF(VLOOKUP(AC72,$W:$Z,4,FALSE)>=$AD$13+0.5,3, IF(VLOOKUP(AC72,$W:$Z,4,FALSE)>=$AD$13+0.25,2,1) ), 0), 0) -> 0
V73: emily | W73: Woodke, Jeralyn | X73: =VLOOKUP(W73,$A$12:$S$56, 4,FALSE) -> 75 | Y73: =VLOOKUP(W73,$A$12:$S$56, 8,FALSE) -> 174 | Z73: =VLOOKUP(W73,$A$12:$S$56, 16,FALSE) -> 2.32 | AC73: =W71 -> Lopez, Matthew | AD73: =IF(VLOOKUP(AC73,$W:$Z,2,FALSE)>=100, IF(VLOOKUP(AC73,$W:$Z,4,FALSE)>$AD$13, IF(VLOOKUP(AC73,$W:$Z,4,FALSE)>=$AD$13+0.5,3, IF(VLOOKUP(AC73,$W:$Z,4,FALSE)>=$AD$13+0.25,2,1) ), 0), 0) -> 0
V74: cam | W74: Admin, AMC | X74: =VLOOKUP(W74,$A$12:$S$56, 4,FALSE) -> 0 | Y74: =VLOOKUP(W74,$A$12:$S$56, 8,FALSE) -> 0 | Z74: =VLOOKUP(W74,$A$12:$S$56, 16,FALSE) -> 0 | AC74: =W72 -> Santaella, Adriana | AD74: =IF(VLOOKUP(AC74,$W:$Z,2,FALSE)>=100, IF(VLOOKUP(AC74,$W:$Z,4,FALSE)>$AD$13, IF(VLOOKUP(AC74,$W:$Z,4,FALSE)>=$AD$13+0.5,3, IF(VLOOKUP(AC74,$W:$Z,4,FALSE)>=$AD$13+0.25,2,1) ), 0), 0) -> 0
W75: Admin, AMC | X75: =VLOOKUP(W75,$A$12:$S$56, 4,FALSE) -> 0 | Y75: =VLOOKUP(W75,$A$12:$S$56, 8,FALSE) -> 0 | Z75: =VLOOKUP(W75,$A$12:$S$56, 16,FALSE) -> 0 | AC75: =W73 -> Woodke, Jeralyn | AD75: =IF(VLOOKUP(AC75,$W:$Z,2,FALSE)>=100, IF(VLOOKUP(AC75,$W:$Z,4,FALSE)>$AD$13, IF(VLOOKUP(AC75,$W:$Z,4,FALSE)>=$AD$13+0.5,3, IF(VLOOKUP(AC75,$W:$Z,4,FALSE)>=$AD$13+0.25,2,1) ), 0), 0) -> 0
AC76: =W74 -> Admin, AMC | AD76: =IF(VLOOKUP(AC76,$W:$Z,2,FALSE)>=100, IF(VLOOKUP(AC76,$W:$Z,4,FALSE)>$AD$13, IF(VLOOKUP(AC76,$W:$Z,4,FALSE)>=$AD$13+0.5,3, IF(VLOOKUP(AC76,$W:$Z,4,FALSE)>=$AD$13+0.25,2,1) ), 0), 0) -> 0
AC77: =W75 -> Admin, AMC | AD77: =IF(VLOOKUP(AC77,$W:$Z,2,FALSE)>=100, IF(VLOOKUP(AC77,$W:$Z,4,FALSE)>$AD$13, IF(VLOOKUP(AC77,$W:$Z,4,FALSE)>=$AD$13+0.5,3, IF(VLOOKUP(AC77,$W:$Z,4,FALSE)>=$AD$13+0.25,2,1) ), 0), 0) -> 0
AC78: Total Bonus | AD78: =SUM(AD69:AD77) -> 0

Sheet Week 4
A1: AMC | F1: Employee AweS.U.M. Report
A2: Woodinville Unit2449 (02449)
A3: 17640 138th Pl. NE
A4: Woodinville, Washington | F4: Business Date Range: 12/12/2025 to 12/18/2025
A5: 98072- | F5: Sort By Employee
A6: UNITED STATES
M7: Average | AC7: Team | AD7: UPT | AE7: n | AG7: Winner For the Week | AK7: Scoreboard
I8: UPT | M8: Transaction | W8: Chica | Y8: Average Tranaction | Z8: =(SUM(Y11:Y20)/SUM(X11:X20)) -> 2.5349544 | AC8: =W8 -> Chica | AD8: =Z8 -> 2.5349544 | AE8: =SUM(X11:X20) -> 329 | AG8: 1st | AH8: =INDEX($AC$8:$AC$12, MATCH(LARGE($AD$8:$AD$12, 1), $AD$8:$AD$12, 0)) -> Freddy | AL8: Previous Week | AM8: Bonus Points (Individual) | AN8: Bonus Point Team Improvement | AO8: Earned Points | AP8: Total Points
G9: Theatre Average: | I9: 2.47 | O9: $22.81 | AC9: =W22 -> Bonnie | AD9: =Z22 -> 2.4912281 | AE9: =SUM(X25:X34) -> 342 | AG9: 2nd | AH9: =INDEX($AC$8:$AC$12, MATCH(LARGE($AD$8:$AD$12, 2), $AD$8:$AD$12, 0)) -> Chica | AK9: =W8 -> Chica | AL9: ='Week 3'!AP9 -> 11 | AM9: =AD28 -> 1 | AN9: =AH31 -> 0 | AO9: =AH14 -> 2 | AP9: =SUM(AL9:AO9) -> 14
D10: # of Transactions | X10: # Transactions | Y10: # of Units Sold | Z10: UPT | AC10: =W36 -> Freddy | AD10: =Z36 -> 2.5585586 | AE10: =SUM(X39:X48) -> 333 | AG10: 3rd | AH10: =INDEX($AC$8:$AC$12, MATCH(LARGE($AD$8:$AD$12, 3), $AD$8:$AD$12, 0)) -> Bonnie | AK10: =W22 -> Bonnie | AL10: ='Week 3'!AP10 -> 7 | AM10: =AD41 -> 2 | AN10: =AH32 -> 0 | AO10: =AH15 -> 1 | AP10: =SUM(AL10:AO10) -> 10
A11: Employee Name | G11: # of Units Sold | K11: Total Sales | P11: UPT | S11: Average Transaction | W11: Lopez, Ebony | X11: =VLOOKUP(W11,$A$12:$S$60, 4,FALSE) -> 105 | Y11: =VLOOKUP(W11,$A$12:$S$60, 8,FALSE) -> 281 | Z11: =VLOOKUP(W11,$A$12:$S$60, 16,FALSE) -> 2.68 | AC11: =W50 -> Balloon Boy | AD11: =Z50 -> 2.4479554 | AE11: =SUM(X53:X62) -> 538 | AK11: =W36 -> Freddy | AL11: ='Week 3'!AP11 -> 8 | AM11: =AD54 -> 1 | AN11: =AH33 -> 0 | AO11: =AH16 -> 3 | AP11: =SUM(AL11:AO11) -> 12
A12: Admin, AMC | D12: 0 | H12: 0 | L12: 0 | P12: 0 | S12: 0 | W12: Allen, Wren | X12: =VLOOKUP(W12,$A$12:$S$60, 4,FALSE) -> 0 | Y12: =VLOOKUP(W12,$A$12:$S$60, 8,FALSE) -> 0 | Z12: =VLOOKUP(W12,$A$12:$S$60, 16,FALSE) -> 0 | AC12: =W64 -> Foxy | AD12: =Z64 -> 2.4080944 | AE12: =SUM(X67:X75) -> 593 | AK12: =W50 -> Balloon Boy | AL12: ='Week 3'!AP12 -> 12 | AM12: =AD66 -> 1 | AN12: =AH34 -> 0 | AO12: =AH17 -> 0 | AP12: =SUM(AL12:AO12) -> 13
A13: admin2, amc | D13: 0 | H13: 0 | L13: 0 | P13: 0 | S13: 0 | W13: Araya, Kidane | X13: =VLOOKUP(W13,$A$12:$S$60, 4,FALSE) -> 172 | Y13: =VLOOKUP(W13,$A$12:$S$60, 8,FALSE) -> 424 | Z13: =VLOOKUP(W13,$A$12:$S$60, 16,FALSE) -> 2.47 | AC13: THEATRE | AD13: =I9 -> 2.47 | AE13: =SUM(D12:D60) -> 2135 | AG13: Earned Points Ranking | AK13: =W64 -> Foxy | AL13: ='Week 3'!AP13 -> 2 | AM13: =AD78 -> 1 | AN13: =AH35 -> 1 | AO13: =AH18 -> 0 | AP13: =SUM(AL13:AO13) -> 4
A14: Administrator, RSM | D14: 0 | H14: 0 | L14: 0 | P14: 0 | S14: 0 | W14: Gemmer, Jake | X14: =VLOOKUP(W14,$A$12:$S$60, 4,FALSE) -> 2 | Y14: =VLOOKUP(W14,$A$12:$S$60, 8,FALSE) -> 2 | Z14: =VLOOKUP(W14,$A$12:$S$60, 16,FALSE) -> 1 | AG14: =W8 -> Chica | AH14: =IF(AG14=$AH$8,3,IF(AG14=$AH$9,2,IF(AG14=$AH$10,1,0))) -> 2
A15: Albert, Rowan | D15: 88 | H15: 223 | L15: 1974.36 | P15: 2.53 | S15: 22.44 | W15: Jackson, Parker | X15: =VLOOKUP(W15,$A$12:$S$60, 4,FALSE) -> 0 | Y15: =VLOOKUP(W15,$A$12:$S$60, 8,FALSE) -> 0 | Z15: =VLOOKUP(W15,$A$12:$S$60, 16,FALSE) -> 0 | AG15: =W22 -> Bonnie | AH15: =IF(AG15=$AH$8,3,IF(AG15=$AH$9,2,IF(AG15=$AH$10,1,0))) -> 1 | AM15: Leaderboard | AO15: Points
A16: Alemayehu, Eyouel | D16: 79 | H16: 163 | L16: 1534.43 | P16: 2.06 | S16: 19.42 | W16: Mccarty, Katelynn | X16: =VLOOKUP(W16,$A$12:$S$60, 4,FALSE) -> 0 | Y16: =VLOOKUP(W16,$A$12:$S$60, 8,FALSE) -> 0 | Z16: =VLOOKUP(W16,$A$12:$S$60, 16,FALSE) -> 0 | AG16: =W36 -> Freddy | AH16: =IF(AG16=$AH$8,3,IF(AG16=$AH$9,2,IF(AG16=$AH$10,1,0))) -> 3 | AM16: First | AN16: =INDEX($AK$9:$AK$13, MATCH(LARGE($AP$9:$AP$13, 1), $AP$9:$AP$13, 0)) -> Chica | AO16: =VLOOKUP(AN16,$AK$9:$AP$13,6,FALSE) -> 14
A17: Allen, Wren | D17: 0 | H17: 0 | L17: 0 | P17: 0 | S17: 0 | W17: Montero, Rowan | X17: =VLOOKUP(W17,$A$12:$S$60, 4,FALSE) -> 6 | Y17: =VLOOKUP(W17,$A$12:$S$60, 8,FALSE) -> 12 | Z17: =VLOOKUP(W17,$A$12:$S$60, 16,FALSE) -> 2 | AC17: =W8 -> Chica | AD17: Bonus Points? | AG17: =W50 -> Balloon Boy | AH17: =IF(AG17=$AH$8,3,IF(AG17=$AH$9,2,IF(AG17=$AH$10,1,0))) -> 0 | AM17: Second | AN17: =INDEX($AK$9:$AK$13, MATCH(LARGE($AP$9:$AP$13, 2), $AP$9:$AP$13, 0)) -> Balloon Boy | AO17: =VLOOKUP(AN17,$AK$9:$AP$13,6,FALSE) -> 13
A18: Araya, Kidane | D18: 172 | H18: 424 | L18: 3827.72 | P18: 2.47 | S18: 22.25 | W18: Pepper, Courtney | X18: =VLOOKUP(W18,$A$12:$S$60, 4,FALSE) -> 25 | Y18: =VLOOKUP(W18,$A$12:$S$60, 8,FALSE) -> 62 | Z18: =VLOOKUP(W18,$A$12:$S$60, 16,FALSE) -> 2.48 | AC18: =W11 -> Lopez, Ebony | AD18: =IF(VLOOKUP(AC18,$W:$Z,2,FALSE)>=100, IF(VLOOKUP(AC18,$W:$Z,4,FALSE)>$AD$13, IF(VLOOKUP(AC18,$W:$Z,4,FALSE)>=$AD$13+0.5,3, IF(VLOOKUP(AC18,$W:$Z,4,FALSE)>=$AD$13+0.25,2,1) ), 0), 0) -> 1 | AG18: =W64 -> Foxy | AH18: =IF(AG18=$AH$8,3,IF(AG18=$AH$9,2,IF(AG18=$AH$10,1,0))) -> 0 | AM18: Third | AN18: =INDEX($AK$9:$AK$13, MATCH(LARGE($AP$9:$AP$13, 3), $AP$9:$AP$13, 0)) -> Freddy | AO18: =VLOOKUP(AN18,$AK$9:$AP$13,6,FALSE) -> 12
A19: Carpenter, Iris | D19: 84 | H19: 222 | L19: 2055.17 | P19: 2.64 | S19: 24.47 | W19: Taylor, Ronni | X19: =VLOOKUP(W19,$A$12:$S$60, 4,FALSE) -> 19 | Y19: =VLOOKUP(W19,$A$12:$S$60, 8,FALSE) -> 53 | Z19: =VLOOKUP(W19,$A$12:$S$60, 16,FALSE) -> 2.79 | AC19: =W12 -> Allen, Wren | AD19: =IF(VLOOKUP(AC19,$W:$Z,2,FALSE)>=100, IF(VLOOKUP(AC19,$W:$Z,4,FALSE)>$AD$13, IF(VLOOKUP(AC19,$W:$Z,4,FALSE)>=$AD$13+0.5,3, IF(VLOOKUP(AC19,$W:$Z,4,FALSE)>=$AD$13+0.25,2,1) ), 0), 0) -> 0 | AM19: Fourth | AN19: =INDEX($AK$9:$AK$13, MATCH(LARGE($AP$9:$AP$13, 4), $AP$9:$AP$13, 0)) -> Bonnie | AO19: =VLOOKUP(AN19,$AK$9:$AP$13,6,FALSE) -> 10
A20: Cloud, Annette | D20: 0 | H20: 0 | L20: 0 | P20: 0 | S20: 0 | V20: keira | W20: Admin, AMC | X20: =VLOOKUP(W20,$A$12:$S$60, 4,FALSE) -> 0 | Y20: =VLOOKUP(W20,$A$12:$S$60, 8,FALSE) -> 0 | Z20: =VLOOKUP(W20,$A$12:$S$60, 16,FALSE) -> 0 | AC20: =W13 -> Araya, Kidane | AD20: =IF(VLOOKUP(AC20,$W:$Z,2,FALSE)>=100, IF(VLOOKUP(AC20,$W:$Z,4,FALSE)>$AD$13, IF(VLOOKUP(AC20,$W:$Z,4,FALSE)>=$AD$13+0.5,3, IF(VLOOKUP(AC20,$W:$Z,4,FALSE)>=$AD$13+0.25,2,1) ), 0), 0) -> 0 | AM20: Fifth | AN20: =INDEX($AK$9:$AK$13, MATCH(LARGE($AP$9:$AP$13, 5), $AP$9:$AP$13, 0)) -> Foxy | AO20: =VLOOKUP(AN20,$AK$9:$AP$13,6,FALSE) -> 4
A21: DaPra, Kylan | D21: 40 | H21: 115 | L21: 1023.52 | P21: 2.88 | S21: 25.59 | AC21: =W14 -> Gemmer, Jake | AD21: =IF(VLOOKUP(AC21,$W:$Z,2,FALSE)>=100, IF(VLOOKUP(AC21,$W:$Z,4,FALSE)>$AD$13, IF(VLOOKUP(AC21,$W:$Z,4,FALSE)>=$AD$13+0.5,3, IF(VLOOKUP(AC21,$W:$Z,4,FALSE)>=$AD$13+0.25,2,1) ), 0), 0) -> 0 | AG21: Last Week
A22: Delelu, Samra | D22: 0 | H22: 0 | L22: 0 | P22: 0 | S22: 0 | W22: Bonnie | Y22: UPT | Z22: =(SUM(Y25:Y34)/SUM(X25:X34)) -> 2.4912281 | AC22: =W15 -> Jackson, Parker | AD22: =IF(VLOOKUP(AC22,$W:$Z,2,FALSE)>=100, IF(VLOOKUP(AC22,$W:$Z,4,FALSE)>$AD$13, IF(VLOOKUP(AC22,$W:$Z,4,FALSE)>=$AD$13+0.5,3, IF(VLOOKUP(AC22,$W:$Z,4,FALSE)>=$AD$13+0.25,2,1) ), 0), 0) -> 0 | AG22: Team | AH22: UPT
A23: Dick, Emilie | D23: 113 | H23: 312 | L23: 2815.87 | P23: 2.76 | S23: 24.92 | AC23: =W16 -> Mccarty, Katelynn | AD23: =IF(VLOOKUP(AC23,$W:$Z,2,FALSE)>=100, IF(VLOOKUP(AC23,$W:$Z,4,FALSE)>$AD$13, IF(VLOOKUP(AC23,$W:$Z,4,FALSE)>=$AD$13+0.5,3, IF(VLOOKUP(AC23,$W:$Z,4,FALSE)>=$AD$13+0.25,2,1) ), 0), 0) -> 0 | AG23: =W8 -> Chica | AH23: ='Week 3'!AD8 -> 2.5298507
A24: Farmer, Kasey | D24: 15 | H24: 36 | L24: 338.9 | P24: 2.4 | S24: 22.59 | X24: # Transactions | Y24: # of Units Sold | Z24: UPT | AC24: =W17 -> Montero, Rowan | AD24: =IF(VLOOKUP(AC24,$W:$Z,2,FALSE)>=100, IF(VLOOKUP(AC24,$W:$Z,4,FALSE)>$AD$13, IF(VLOOKUP(AC24,$W:$Z,4,FALSE)>=$AD$13+0.5,3, IF(VLOOKUP(AC24,$W:$Z,4,FALSE)>=$AD$13+0.25,2,1) ), 0), 0) -> 0 | AG24: =W22 -> Bonnie | AH24: ='Week 3'!AD9 -> 2.6206897
A25: Findley, Amanda | D25: 0 | H25: 0 | L25: 0 | P25: 0 | S25: 0 | W25: Zeller, Daniel | X25: =VLOOKUP(W25,$A$12:$S$60, 4,FALSE) -> 34 | Y25: =VLOOKUP(W25,$A$12:$S$60, 8,FALSE) -> 89 | Z25: =VLOOKUP(W25,$A$12:$S$60, 16,FALSE) -> 2.62 | AC25: =W18 -> Pepper, Courtney | AD25: =IF(VLOOKUP(AC25,$W:$Z,2,FALSE)>=100, IF(VLOOKUP(AC25,$W:$Z,4,FALSE)>$AD$13, IF(VLOOKUP(AC25,$W:$Z,4,FALSE)>=$AD$13+0.5,3, IF(VLOOKUP(AC25,$W:$Z,4,FALSE)>=$AD$13+0.25,2,1) ), 0), 0) -> 0 | AG25: =W36 -> Freddy | AH25: ='Week 3'!AD10 -> 2.5904437
A26: Gashu, Amanuel | D26: 0 | H26: 0 | L26: 0 | P26: 0 | S26: 0 | W26: Dick, Emilie | X26: =VLOOKUP(W26,$A$12:$S$60, 4,FALSE) -> 113 | Y26: =VLOOKUP(W26,$A$12:$S$60, 8,FALSE) -> 312 | Z26: =VLOOKUP(W26,$A$12:$S$60, 16,FALSE) -> 2.76 | AC26: =W19 -> Taylor, Ronni | AD26: =IF(VLOOKUP(AC26,$W:$Z,2,FALSE)>=100, IF(VLOOKUP(AC26,$W:$Z,4,FALSE)>$AD$13, IF(VLOOKUP(AC26,$W:$Z,4,FALSE)>=$AD$13+0.5,3, IF(VLOOKUP(AC26,$W:$Z,4,FALSE)>=$AD$13+0.25,2,1) ), 0), 0) -> 0 | AG26: =W50 -> Balloon Boy | AH26: ='Week 3'!AD11 -> 2.6348588
A27: Gemmer, Jake | D27: 2 | H27: 2 | L27: 17.6 | P27: 1 | S27: 8.8 | W27: Farmer, Kasey | X27: =VLOOKUP(W27,$A$12:$S$60, 4,FALSE) -> 15 | Y27: =VLOOKUP(W27,$A$12:$S$60, 8,FALSE) -> 36 | Z27: =VLOOKUP(W27,$A$12:$S$60, 16,FALSE) -> 2.4 | AC27: =W20 -> Admin, AMC | AD27: =IF(VLOOKUP(AC27,$W:$Z,2,FALSE)>=100, IF(VLOOKUP(AC27,$W:$Z,4,FALSE)>$AD$13, IF(VLOOKUP(AC27,$W:$Z,4,FALSE)>=$AD$13+0.5,3, IF(VLOOKUP(AC27,$W:$Z,4,FALSE)>=$AD$13+0.25,2,1) ), 0), 0) -> 0 | AG27: =W64 -> Foxy | AH27: ='Week 3'!AD12 -> 2.3412698
A28: Hatch, Aidan | D28: 90 | H28: 206 | L28: 1833.51 | P28: 2.29 | S28: 20.37 | W28: Gashu, Amanuel | X28: =VLOOKUP(W28,$A$12:$S$60, 4,FALSE) -> 0 | Y28: =VLOOKUP(W28,$A$12:$S$60, 8,FALSE) -> 0 | Z28: =VLOOKUP(W28,$A$12:$S$60, 16,FALSE) -> 0 | AC28: Total Bonus | AD28: =SUM(AD18:AD27) -> 1
A29: Hill, Gabby | D29: 69 | H29: 170 | L29: 1513.26 | P29: 2.46 | S29: 21.93 | W29: Hatch, Aidan | X29: =VLOOKUP(W29,$A$12:$S$60, 4,FALSE) -> 90 | Y29: =VLOOKUP(W29,$A$12:$S$60, 8,FALSE) -> 206 | Z29: =VLOOKUP(W29,$A$12:$S$60, 16,FALSE) -> 2.29
A30: Isreal, Zeal | D30: 88 | H30: 199 | L30: 1851.5 | P30: 2.26 | S30: 21.04 | W30: Admin, AMC | X30: =VLOOKUP(W30,$A$12:$S$60, 4,FALSE) -> 0 | Y30: =VLOOKUP(W30,$A$12:$S$60, 8,FALSE) -> 0 | Z30: =VLOOKUP(W30,$A$12:$S$60, 16,FALSE) -> 0 | AC30: =W22 -> Bonnie | AD30: Bonus Points? | AG30: Bonus Point for Team Improvement?
A31: Jackson, Parker | D31: 0 | H31: 0 | L31: 0 | P31: 0 | S31: 0 | W31: Ryder, Erin | X31: =VLOOKUP(W31,$A$12:$S$60, 4,FALSE) -> 1 | Y31: =VLOOKUP(W31,$A$12:$S$60, 8,FALSE) -> 4 | Z31: =VLOOKUP(W31,$A$12:$S$60, 16,FALSE) -> 4 | AC31: =W25 -> Zeller, Daniel | AD31: =IF(VLOOKUP(AC31,$W:$Z,2,FALSE)>=100, IF(VLOOKUP(AC31,$W:$Z,4,FALSE)>$AD$13, IF(VLOOKUP(AC31,$W:$Z,4,FALSE)>=$AD$13+0.5,3, IF(VLOOKUP(AC31,$W:$Z,4,FALSE)>=$AD$13+0.25,2,1) ), 0), 0) -> 0 | AG31: =W8 -> Chica | AH31: 0
A32: Kelly, Ryan | D32: 19 | H32: 40 | L32: 374.8 | P32: 2.11 | S32: 19.73 | W32: Yandle, Chuck | X32: =VLOOKUP(W32,$A$12:$S$60, 4,FALSE) -> 89 | Y32: =VLOOKUP(W32,$A$12:$S$60, 8,FALSE) -> 205 | Z32: =VLOOKUP(W32,$A$12:$S$60, 16,FALSE) -> 2.3 | AC32: =W26 -> Dick, Emilie | AD32: =IF(VLOOKUP(AC32,$W:$Z,2,FALSE)>=100, IF(VLOOKUP(AC32,$W:$Z,4,FALSE)>$AD$13, IF(VLOOKUP(AC32,$W:$Z,4,FALSE)>=$AD$13+0.5,3, IF(VLOOKUP(AC32,$W:$Z,4,FALSE)>=$AD$13+0.25,2,1) ), 0), 0) -> 2 | AG32: =W22 -> Bonnie | AH32: =IF(AD9>AH24, 1,0) -> 0
A33: Koessler, Bayley | D33: 0 | H33: 0 | L33: 0 | P33: 0 | S33: 0 | W33: Way, Abby | X33: =VLOOKUP(W33,$A$12:$S$60, 4,FALSE) -> 0 | Y33: =VLOOKUP(W33,$A$12:$S$60, 8,FALSE) -> 0 | Z33: =VLOOKUP(W33,$A$12:$S$60, 16,FALSE) -> 0 | AC33: =W27 -> Farmer, Kasey | AD33: =IF(VLOOKUP(AC33,$W:$Z,2,FALSE)>=100, IF(VLOOKUP(AC33,$W:$Z,4,FALSE)>$AD$13, IF(VLOOKUP(AC33,$W:$Z,4,FALSE)>=$AD$13+0.5,3, IF(VLOOKUP(AC33,$W:$Z,4,FALSE)>=$AD$13+0.25,2,1) ), 0), 0) -> 0 | AG33: =W36 -> Freddy | AH33: =IF(AD10>AH25, 1,0) -> 0
A34: Krause, Daniel | D34: 0 | H34: 0 | L34: 0 | P34: 0 | S34: 0 | V34: abby | W34: Admin, AMC | X34: =VLOOKUP(W34,$A$12:$S$60, 4,FALSE) -> 0 | Y34: =VLOOKUP(W34,$A$12:$S$60, 8,FALSE) -> 0 | Z34: =VLOOKUP(W34,$A$12:$S$60, 16,FALSE) -> 0 | AC34: =W28 -> Gashu, Amanuel | AD34: =IF(VLOOKUP(AC34,$W:$Z,2,FALSE)>=100, IF(VLOOKUP(AC34,$W:$Z,4,FALSE)>$AD$13, IF(VLOOKUP(AC34,$W:$Z,4,FALSE)>=$AD$13+0.5,3, IF(VLOOKUP(AC34,$W:$Z,4,FALSE)>=$AD$13+0.25,2,1) ), 0), 0) -> 0 | AG34: =W50 -> Balloon Boy | AH34: =IF(AD11>AH26, 1,0) -> 0
A35: Lawson, Nick | D35: 136 | H35: 344 | L35: 3494.98 | P35: 2.53 | S35: 25.7 | AC35: =W29 -> Hatch, Aidan | AD35: =IF(VLOOKUP(AC35,$W:$Z,2,FALSE)>=100, IF(VLOOKUP(AC35,$W:$Z,4,FALSE)>$AD$13, IF(VLOOKUP(AC35,$W:$Z,4,FALSE)>=$AD$13+0.5,3, IF(VLOOKUP(AC35,$W:$Z,4,FALSE)>=$AD$13+0.25,2,1) ), 0), 0) -> 0 | AG35: =W64 -> Foxy | AH35: =IF(AD12>AH27, 1,0) -> 1
A36: Lingg, Beckett | D36: 7 | H36: 15 | L36: 141.66 | P36: 2.14 | S36: 20.24 | W36: Freddy | Y36: UPT | Z36: =(SUM(Y39:Y48)/SUM(X39:X48)) -> 2.5585586 | AC36: =W30 -> Admin, AMC | AD36: =IF(VLOOKUP(AC36,$W:$Z,2,FALSE)>=100, IF(VLOOKUP(AC36,$W:$Z,4,FALSE)>$AD$13, IF(VLOOKUP(AC36,$W:$Z,4,FALSE)>=$AD$13+0.5,3, IF(VLOOKUP(AC36,$W:$Z,4,FALSE)>=$AD$13+0.25,2,1) ), 0), 0) -> 0
A37: Lopez, Ebony | D37: 105 | H37: 281 | L37: 2643.87 | P37: 2.68 | S37: 25.18 | AC37: =W31 -> Ryder, Erin | AD37: =IF(VLOOKUP(AC37,$W:$Z,2,FALSE)>=100, IF(VLOOKUP(AC37,$W:$Z,4,FALSE)>$AD$13, IF(VLOOKUP(AC37,$W:$Z,4,FALSE)>=$AD$13+0.5,3, IF(VLOOKUP(AC37,$W:$Z,4,FALSE)>=$AD$13+0.25,2,1) ), 0), 0) -> 0
A38: Lopez, Matthew | D38: 0 | H38: 0 | L38: 0 | P38: 0 | S38: 0 | X38: # Transactions | Y38: # of Units Sold | Z38: UPT | AC38: =W32 -> Yandle, Chuck | AD38: =IF(VLOOKUP(AC38,$W:$Z,2,FALSE)>=100, IF(VLOOKUP(AC38,$W:$Z,4,FALSE)>$AD$13, IF(VLOOKUP(AC38,$W:$Z,4,FALSE)>=$AD$13+0.5,3, IF(VLOOKUP(AC38,$W:$Z,4,FALSE)>=$AD$13+0.25,2,1) ), 0), 0) -> 0
A39: Mccarty, Katelynn | D39: 0 | H39: 0 | L39: 0 | P39: 0 | S39: 0 | W39: DaPra, Kylan | X39: =VLOOKUP(W39,$A$12:$S$60, 4,FALSE) -> 40 | Y39: =VLOOKUP(W39,$A$12:$S$60, 8,FALSE) -> 115 | Z39: =VLOOKUP(W39,$A$12:$S$60, 16,FALSE) -> 2.88 | AC39: =W33 -> Way, Abby | AD39: =IF(VLOOKUP(AC39,$W:$Z,2,FALSE)>=100, IF(VLOOKUP(AC39,$W:$Z,4,FALSE)>$AD$13, IF(VLOOKUP(AC39,$W:$Z,4,FALSE)>=$AD$13+0.5,3, IF(VLOOKUP(AC39,$W:$Z,4,FALSE)>=$AD$13+0.25,2,1) ), 0), 0) -> 0
A40: McChesney, Jack | D40: 43 | H40: 86 | L40: 800.7 | P40: 2 | S40: 18.62 | W40: Albert, Rowan | X40: =VLOOKUP(W40,$A$12:$S$60, 4,FALSE) -> 88 | Y40: =VLOOKUP(W40,$A$12:$S$60, 8,FALSE) -> 223 | Z40: =VLOOKUP(W40,$A$12:$S$60, 16,FALSE) -> 2.53 | AC40: =W34 -> Admin, AMC | AD40: =IF(VLOOKUP(AC40,$W:$Z,2,FALSE)>=100, IF(VLOOKUP(AC40,$W:$Z,4,FALSE)>$AD$13, IF(VLOOKUP(AC40,$W:$Z,4,FALSE)>=$AD$13+0.5,3, IF(VLOOKUP(AC40,$W:$Z,4,FALSE)>=$AD$13+0.25,2,1) ), 0), 0) -> 0
A41: Mead, Emily | D41: 57 | H41: 115 | L41: 1026.75 | P41: 2.02 | S41: 18.01 | W41: Cloud, Annette | X41: =VLOOKUP(W41,$A$12:$S$60, 4,FALSE) -> 0 | Y41: =VLOOKUP(W41,$A$12:$S$60, 8,FALSE) -> 0 | Z41: =VLOOKUP(W41,$A$12:$S$60, 16,FALSE) -> 0 | AC41: Total Bonus | AD41: =SUM(AD31:AD40) -> 2
A42: Mitchell, Gabe | D42: 163 | H42: 405 | L42: 3723.14 | P42: 2.48 | S42: 22.84 | W42: Hill, Gabby | X42: =VLOOKUP(W42,$A$12:$S$60, 4,FALSE) -> 69 | Y42: =VLOOKUP(W42,$A$12:$S$60, 8,FALSE) -> 170 | Z42: =VLOOKUP(W42,$A$12:$S$60, 16,FALSE) -> 2.46
A43: Montero, Rowan | D43: 6 | H43: 12 | L43: 108.98 | P43: 2 | S43: 18.16 | W43: Koessler, Bayley | X43: =VLOOKUP(W43,$A$12:$S$60, 4,FALSE) -> 0 | Y43: =VLOOKUP(W43,$A$12:$S$60, 8,FALSE) -> 0 | Z43: =VLOOKUP(W43,$A$12:$S$60, 16,FALSE) -> 0 | AC43: =W36 -> Freddy | AD43: Bonus Points?
A44: Ops, Prog | D44: 0 | H44: 0 | L44: 0 | P44: 0 | S44: 0 | W44: Wetsit, Karlos | X44: =VLOOKUP(W44,$A$12:$S$60, 4,FALSE) -> 0 | Y44: =VLOOKUP(W44,$A$12:$S$60, 8,FALSE) -> 0 | Z44: =VLOOKUP(W44,$A$12:$S$60, 16,FALSE) -> 0 | AC44: =W39 -> DaPra, Kylan | AD44: =IF(VLOOKUP(AC44,$W:$Z,2,FALSE)>=100, IF(VLOOKUP(AC44,$W:$Z,4,FALSE)>$AD$13, IF(VLOOKUP(AC44,$W:$Z,4,FALSE)>=$AD$13+0.5,3, IF(VLOOKUP(AC44,$W:$Z,4,FALSE)>=$AD$13+0.25,2,1) ), 0), 0) -> 0
A45: Pepper, Courtney | D45: 25 | H45: 62 | L45: 577.03 | P45: 2.48 | S45: 23.08 | V45: nick | W45: Lawson, Nick | X45: =VLOOKUP(W45,$A$12:$S$60, 4,FALSE) -> 136 | Y45: =VLOOKUP(W45,$A$12:$S$60, 8,FALSE) -> 344 | Z45: =VLOOKUP(W45,$A$12:$S$60, 16,FALSE) -> 2.53 | AC45: =W40 -> Albert, Rowan | AD45: =IF(VLOOKUP(AC45,$W:$Z,2,FALSE)>=100, IF(VLOOKUP(AC45,$W:$Z,4,FALSE)>$AD$13, IF(VLOOKUP(AC45,$W:$Z,4,FALSE)>=$AD$13+0.5,3, IF(VLOOKUP(AC45,$W:$Z,4,FALSE)>=$AD$13+0.25,2,1) ), 0), 0) -> 0
A46: Perez-Tellez, Damien | D46: 132 | H46: 330 | L46: 3036.91 | P46: 2.5 | S46: 23.01 | V46: ella | W46: Admin, AMC | X46: =VLOOKUP(W46,$A$12:$S$60, 4,FALSE) -> 0 | Y46: =VLOOKUP(W46,$A$12:$S$60, 8,FALSE) -> 0 | Z46: =VLOOKUP(W46,$A$12:$S$60, 16,FALSE) -> 0 | AC46: =W41 -> Cloud, Annette | AD46: =IF(VLOOKUP(AC46,$W:$Z,2,FALSE)>=100, IF(VLOOKUP(AC46,$W:$Z,4,FALSE)>$AD$13, IF(VLOOKUP(AC46,$W:$Z,4,FALSE)>=$AD$13+0.5,3, IF(VLOOKUP(AC46,$W:$Z,4,FALSE)>=$AD$13+0.25,2,1) ), 0), 0) -> 0
A47: Ryder, Erin | D47: 1 | H47: 4 | L47: 42.05 | P47: 4 | S47: 42.05 | V47: lauren | W47: Admin, AMC | X47: =VLOOKUP(W47,$A$12:$S$60, 4,FALSE) -> 0 | Y47: =VLOOKUP(W47,$A$12:$S$60, 8,FALSE) -> 0 | Z47: =VLOOKUP(W47,$A$12:$S$60, 16,FALSE) -> 0 | AC47: =W42 -> Hill, Gabby | AD47: =IF(VLOOKUP(AC47,$W:$Z,2,FALSE)>=100, IF(VLOOKUP(AC47,$W:$Z,4,FALSE)>$AD$13, IF(VLOOKUP(AC47,$W:$Z,4,FALSE)>=$AD$13+0.5,3, IF(VLOOKUP(AC47,$W:$Z,4,FALSE)>=$AD$13+0.25,2,1) ), 0), 0) -> 0
A48: Ryder, Gavin | D48: 0 | H48: 0 | L48: 0 | P48: 0 | S48: 0 | W48: Admin, AMC | X48: =VLOOKUP(W48,$A$12:$S$60, 4,FALSE) -> 0 | Y48: =VLOOKUP(W48,$A$12:$S$60, 8,FALSE) -> 0 | Z48: =VLOOKUP(W48,$A$12:$S$60, 16,FALSE) -> 0 | AC48: =W43 -> Koessler, Bayley | AD48: =IF(VLOOKUP(AC48,$W:$Z,2,FALSE)>=100, IF(VLOOKUP(AC48,$W:$Z,4,FALSE)>$AD$13, IF(VLOOKUP(AC48,$W:$Z,4,FALSE)>=$AD$13+0.5,3, IF(VLOOKUP(AC48,$W:$Z,4,FALSE)>=$AD$13+0.25,2,1) ), 0), 0) -> 0
A49: Santaella, Adriana | D49: 227 | H49: 559 | L49: 5174.96 | P49: 2.46 | S49: 22.8 | AC49: =W44 -> Wetsit, Karlos | AD49: =IF(VLOOKUP(AC49,$W:$Z,2,FALSE)>=100, IF(VLOOKUP(AC49,$W:$Z,4,FALSE)>$AD$13, IF(VLOOKUP(AC49,$W:$Z,4,FALSE)>=$AD$13+0.5,3, IF(VLOOKUP(AC49,$W:$Z,4,FALSE)>=$AD$13+0.25,2,1) ), 0), 0) -> 0
A50: Shteyngart, Jenna | D50: 62 | H50: 161 | L50: 1512.06 | P50: 2.6 | S50: 24.39 | W50: Balloon Boy | Y50: UPT | Z50: =(SUM(Y53:Y62)/SUM(X53:X62)) -> 2.4479554 | AC50: =W45 -> Lawson, Nick | AD50: =IF(VLOOKUP(AC50,$W:$Z,2,FALSE)>=100, IF(VLOOKUP(AC50,$W:$Z,4,FALSE)>$AD$13, IF(VLOOKUP(AC50,$W:$Z,4,FALSE)>=$AD$13+0.5,3, IF(VLOOKUP(AC50,$W:$Z,4,FALSE)>=$AD$13+0.25,2,1) ), 0), 0) -> 1
A51: Smith, Anders | D51: 37 | H51: 92 | L51: 809.82 | P51: 2.49 | S51: 21.89 | AC51: =W46 -> Admin, AMC | AD51: =IF(VLOOKUP(AC51,$W:$Z,2,FALSE)>=100, IF(VLOOKUP(AC51,$W:$Z,4,FALSE)>$AD$13, IF(VLOOKUP(AC51,$W:$Z,4,FALSE)>=$AD$13+0.5,3, IF(VLOOKUP(AC51,$W:$Z,4,FALSE)>=$AD$13+0.25,2,1) ), 0), 0) -> 0
A52: Taylor, Ronni | D52: 19 | H52: 53 | L52: 493.21 | P52: 2.79 | S52: 25.96 | X52: # Transactions | Y52: # of Units Sold | Z52: UPT | AC52: =W47 -> Admin, AMC | AD52: =IF(VLOOKUP(AC52,$W:$Z,2,FALSE)>=100, IF(VLOOKUP(AC52,$W:$Z,4,FALSE)>$AD$13, IF(VLOOKUP(AC52,$W:$Z,4,FALSE)>=$AD$13+0.5,3, IF(VLOOKUP(AC52,$W:$Z,4,FALSE)>=$AD$13+0.25,2,1) ), 0), 0) -> 0
A53: Way, Abby | D53: 0 | H53: 0 | L53: 0 | P53: 0 | S53: 0 | W53: Kelly, Ryan | X53: =VLOOKUP(W53,$A$12:$S$60, 4,FALSE) -> 19 | Y53: =VLOOKUP(W53,$A$12:$S$60, 8,FALSE) -> 40 | Z53: =VLOOKUP(W53,$A$12:$S$60, 16,FALSE) -> 2.11 | AC53: =W48 -> Admin, AMC | AD53: =IF(VLOOKUP(AC53,$W:$Z,2,FALSE)>=100, IF(VLOOKUP(AC53,$W:$Z,4,FALSE)>$AD$13, IF(VLOOKUP(AC53,$W:$Z,4,FALSE)>=$AD$13+0.5,3, IF(VLOOKUP(AC53,$W:$Z,4,FALSE)>=$AD$13+0.25,2,1) ), 0), 0) -> 0
A54: Wetsit, Karlos | D54: 0 | H54: 0 | L54: 0 | P54: 0 | S54: 0 | W54: Isreal, Zeal | X54: =VLOOKUP(W54,$A$12:$S$60, 4,FALSE) -> 88 | Y54: =VLOOKUP(W54,$A$12:$S$60, 8,FALSE) -> 199 | Z54: =VLOOKUP(W54,$A$12:$S$60, 16,FALSE) -> 2.26 | AC54: Total Bonus | AD54: =SUM(AD44:AD53) -> 1
A55: Woodke, Jeralyn | D55: 67 | H55: 186 | L55: 1683.27 | P55: 2.78 | S55: 25.12 | W55: Lingg, Beckett | X55: =VLOOKUP(W55,$A$12:$S$60, 4,FALSE) -> 7 | Y55: =VLOOKUP(W55,$A$12:$S$60, 8,FALSE) -> 15 | Z55: =VLOOKUP(W55,$A$12:$S$60, 16,FALSE) -> 2.14
A56: Yandle, Chuck | D56: 89 | H56: 205 | L56: 1924.94 | P56: 2.3 | S56: 21.63 | W56: McChesney, Jack | X56: =VLOOKUP(W56,$A$12:$S$60, 4,FALSE) -> 43 | Y56: =VLOOKUP(W56,$A$12:$S$60, 8,FALSE) -> 86 | Z56: =VLOOKUP(W56,$A$12:$S$60, 16,FALSE) -> 2 | AC56: =W50 -> Balloon Boy | AD56: Bonus Points?
A57: Zeller, Daniel | D57: 34 | H57: 89 | L57: 830.07 | P57: 2.62 | S57: 24.41 | W57: Perez-Tellez, Damien | X57: =VLOOKUP(W57,$A$12:$S$60, 4,FALSE) -> 132 | Y57: =VLOOKUP(W57,$A$12:$S$60, 8,FALSE) -> 330 | Z57: =VLOOKUP(W57,$A$12:$S$60, 16,FALSE) -> 2.5 | AC57: =W53 -> Kelly, Ryan | AD57: =IF(VLOOKUP(AC57,$W:$Z,2,FALSE)>=100, IF(VLOOKUP(AC57,$W:$Z,4,FALSE)>$AD$13, IF(VLOOKUP(AC57,$W:$Z,4,FALSE)>=$AD$13+0.5,3, IF(VLOOKUP(AC57,$W:$Z,4,FALSE)>=$AD$13+0.25,2,1) ), 0), 0) -> 0
A58: Zinn Krulewitch, Mari | D58: 66 | H58: 172 | L58: 1520.48 | P58: 2.61 | S58: 23.04 | W58: Shteyngart, Jenna | X58: =VLOOKUP(W58,$A$12:$S$60, 4,FALSE) -> 62 | Y58: =VLOOKUP(W58,$A$12:$S$60, 8,FALSE) -> 161 | Z58: =VLOOKUP(W58,$A$12:$S$60, 16,FALSE) -> 2.6 | AC58: =W54 -> Isreal, Zeal | AD58: =IF(VLOOKUP(AC58,$W:$Z,2,FALSE)>=100, IF(VLOOKUP(AC58,$W:$Z,4,FALSE)>$AD$13, IF(VLOOKUP(AC58,$W:$Z,4,FALSE)>=$AD$13+0.5,3, IF(VLOOKUP(AC58,$W:$Z,4,FALSE)>=$AD$13+0.25,2,1) ), 0), 0) -> 0
W59: Smith, Anders | X59: =VLOOKUP(W59,$A$12:$S$60, 4,FALSE) -> 37 | Y59: =VLOOKUP(W59,$A$12:$S$60, 8,FALSE) -> 92 | Z59: =VLOOKUP(W59,$A$12:$S$60, 16,FALSE) -> 2.49 | AC59: =W55 -> Lingg, Beckett | AD59: =IF(VLOOKUP(AC59,$W:$Z,2,FALSE)>=100, IF(VLOOKUP(AC59,$W:$Z,4,FALSE)>$AD$13, IF(VLOOKUP(AC59,$W:$Z,4,FALSE)>=$AD$13+0.5,3, IF(VLOOKUP(AC59,$W:$Z,4,FALSE)>=$AD$13+0.25,2,1) ), 0), 0) -> 0
W60: Zinn Krulewitch, Mari | X60: =VLOOKUP(W60,$A$12:$S$60, 4,FALSE) -> 66 | Y60: =VLOOKUP(W60,$A$12:$S$60, 8,FALSE) -> 172 | Z60: =VLOOKUP(W60,$A$12:$S$60, 16,FALSE) -> 2.61 | AC60: =W56 -> McChesney, Jack | AD60: =IF(VLOOKUP(AC60,$W:$Z,2,FALSE)>=100, IF(VLOOKUP(AC60,$W:$Z,4,FALSE)>$AD$13, IF(VLOOKUP(AC60,$W:$Z,4,FALSE)>=$AD$13+0.5,3, IF(VLOOKUP(AC60,$W:$Z,4,FALSE)>=$AD$13+0.25,2,1) ), 0), 0) -> 0
V61: iris | W61: Ryder, Gavin | X61: =VLOOKUP(W61,$A$12:$S$60, 4,FALSE) -> 0 | Y61: =VLOOKUP(W61,$A$12:$S$60, 8,FALSE) -> 0 | Z61: =VLOOKUP(W61,$A$12:$S$60, 16,FALSE) -> 0 | AC61: =W57 -> Perez-Tellez, Damien | AD61: =IF(VLOOKUP(AC61,$W:$Z,2,FALSE)>=100, IF(VLOOKUP(AC61,$W:$Z,4,FALSE)>$AD$13, IF(VLOOKUP(AC61,$W:$Z,4,FALSE)>=$AD$13+0.5,3, IF(VLOOKUP(AC61,$W:$Z,4,FALSE)>=$AD$13+0.25,2,1) ), 0), 0) -> 1
W62: Carpenter, Iris | X62: =VLOOKUP(W62,$A$12:$S$60, 4,FALSE) -> 84 | Y62: =VLOOKUP(W62,$A$12:$S$60, 8,FALSE) -> 222 | Z62: =VLOOKUP(W62,$A$12:$S$60, 16,FALSE) -> 2.64 | AC62: =W58 -> Shteyngart, Jenna | AD62: =IF(VLOOKUP(AC62,$W:$Z,2,FALSE)>=100, IF(VLOOKUP(AC62,$W:$Z,4,FALSE)>$AD$13, IF(VLOOKUP(AC62,$W:$Z,4,FALSE)>=$AD$13+0.5,3, IF(VLOOKUP(AC62,$W:$Z,4,FALSE)>=$AD$13+0.25,2,1) ), 0), 0) -> 0
AC63: =W59 -> Smith, Anders | AD63: =IF(VLOOKUP(AC63,$W:$Z,2,FALSE)>=100, IF(VLOOKUP(AC63,$W:$Z,4,FALSE)>$AD$13, IF(VLOOKUP(AC63,$W:$Z,4,FALSE)>=$AD$13+0.5,3, IF(VLOOKUP(AC63,$W:$Z,4,FALSE)>=$AD$13+0.25,2,1) ), 0), 0) -> 0
W64: Foxy | Y64: UPT | Z64: =(SUM(Y67:Y75)/SUM(X67:X75)) -> 2.4080944 | AC64: =W60 -> Zinn Krulewitch, Mari | AD64: =IF(VLOOKUP(AC64,$W:$Z,2,FALSE)>=100, IF(VLOOKUP(AC64,$W:$Z,4,FALSE)>$AD$13, IF(VLOOKUP(AC64,$W:$Z,4,FALSE)>=$AD$13+0.5,3, IF(VLOOKUP(AC64,$W:$Z,4,FALSE)>=$AD$13+0.25,2,1) ), 0), 0) -> 0
AC65: =W62 -> Carpenter, Iris | AD65: =IF(VLOOKUP(AC65,$W:$Z,2,FALSE)>=100, IF(VLOOKUP(AC65,$W:$Z,4,FALSE)>$AD$13, IF(VLOOKUP(AC65,$W:$Z,4,FALSE)>=$AD$13+0.5,3, IF(VLOOKUP(AC65,$W:$Z,4,FALSE)>=$AD$13+0.25,2,1) ), 0), 0) -> 0
X66: # Transactions | Y66: # of Units Sold | Z66: UPT | AC66: Total Bonus | AD66: =SUM(AD57:AD65) -> 1
W67: Mitchell, Gabe | X67: =VLOOKUP(W67,$A$12:$S$60, 4,FALSE) -> 163 | Y67: =VLOOKUP(W67,$A$12:$S$60, 8,FALSE) -> 405 | Z67: =VLOOKUP(W67,$A$12:$S$60, 16,FALSE) -> 2.48
W68: Alemayehu, Eyouel | X68: =VLOOKUP(W68,$A$12:$S$60, 4,FALSE) -> 79 | Y68: =VLOOKUP(W68,$A$12:$S$60, 8,FALSE) -> 163 | Z68: =VLOOKUP(W68,$A$12:$S$60, 16,FALSE) -> 2.06 | AC68: =W64 -> Foxy | AD68: Bonus Points?
W69: Delelu, Samra | X69: =VLOOKUP(W69,$A$12:$S$60, 4,FALSE) -> 0 | Y69: =VLOOKUP(W69,$A$12:$S$60, 8,FALSE) -> 0 | Z69: =VLOOKUP(W69,$A$12:$S$60, 16,FALSE) -> 0 | AC69: =W67 -> Mitchell, Gabe | AD69: =IF(VLOOKUP(AC69,$W:$Z,2,FALSE)>=100, IF(VLOOKUP(AC69,$W:$Z,4,FALSE)>$AD$13, IF(VLOOKUP(AC69,$W:$Z,4,FALSE)>=$AD$13+0.5,3, IF(VLOOKUP(AC69,$W:$Z,4,FALSE)>=$AD$13+0.25,2,1) ), 0), 0) -> 1
W70: Krause, Daniel | X70: =VLOOKUP(W70,$A$12:$S$60, 4,FALSE) -> 0 | Y70: =VLOOKUP(W70,$A$12:$S$60, 8,FALSE) -> 0 | Z70: =VLOOKUP(W70,$A$12:$S$60, 16,FALSE) -> 0 | AC70: =W68 -> Alemayehu, Eyouel | AD70: =IF(VLOOKUP(AC70,$W:$Z,2,FALSE)>=100, IF(VLOOKUP(AC70,$W:$Z,4,FALSE)>$AD$13, IF(VLOOKUP(AC70,$W:$Z,4,FALSE)>=$AD$13+0.5,3, IF(VLOOKUP(AC70,$W:$Z,4,FALSE)>=$AD$13+0.25,2,1) ), 0), 0) -> 0
W71: Lopez, Matthew | X71: =VLOOKUP(W71,$A$12:$S$60, 4,FALSE) -> 0 | Y71: =VLOOKUP(W71,$A$12:$S$60, 8,FALSE) -> 0 | Z71: =VLOOKUP(W71,$A$12:$S$60, 16,FALSE) -> 0 | AC71: =W69 -> Delelu, Samra | AD71: =IF(VLOOKUP(AC71,$W:$Z,2,FALSE)>=100, IF(VLOOKUP(AC71,$W:$Z,4,FALSE)>$AD$13, IF(VLOOKUP(AC71,$W:$Z,4,FALSE)>=$AD$13+0.5,3, IF(VLOOKUP(AC71,$W:$Z,4,FALSE)>=$AD$13+0.25,2,1) ), 0), 0) -> 0
W72: Santaella, Adriana | X72: =VLOOKUP(W72,$A$12:$S$60, 4,FALSE) -> 227 | Y72: =VLOOKUP(W72,$A$12:$S$60, 8,FALSE) -> 559 | Z72: =VLOOKUP(W72,$A$12:$S$60, 16,FALSE) -> 2.46 | AC72: =W70 -> Krause, Daniel | AD72: =IF(VLOOKUP(AC72,$W:$Z,2,FALSE)>=100, IF(VLOOKUP(AC72,$W:$Z,4,FALSE)>$AD$13, IF(VLOOKUP(AC72,$W:$Z,4,FALSE)>=$AD$13+0.5,3, IF(VLOOKUP(AC72,$W:$Z,4,FALSE)>=$AD$13+0.25,2,1) ), 0), 0) -> 0
V73: emily | W73: Woodke, Jeralyn | X73: =VLOOKUP(W73,$A$12:$S$60, 4,FALSE) -> 67 | Y73: =VLOOKUP(W73,$A$12:$S$60, 8,FALSE) -> 186 | Z73: =VLOOKUP(W73,$A$12:$S$60, 16,FALSE) -> 2.78 | AC73: =W71 -> Lopez, Matthew | AD73: =IF(VLOOKUP(AC73,$W:$Z,2,FALSE)>=100, IF(VLOOKUP(AC73,$W:$Z,4,FALSE)>$AD$13, IF(VLOOKUP(AC73,$W:$Z,4,FALSE)>=$AD$13+0.5,3, IF(VLOOKUP(AC73,$W:$Z,4,FALSE)>=$AD$13+0.25,2,1) ), 0), 0) -> 0
V74: cam | W74: Mead, Emily | X74: =VLOOKUP(W74,$A$12:$S$60, 4,FALSE) -> 57 | Y74: =VLOOKUP(W74,$A$12:$S$60, 8,FALSE) -> 115 | Z74: =VLOOKUP(W74,$A$12:$S$60, 16,FALSE) -> 2.02 | AC74: =W72 -> Santaella, Adriana | AD74: =IF(VLOOKUP(AC74,$W:$Z,2,FALSE)>=100, IF(VLOOKUP(AC74,$W:$Z,4,FALSE)>$AD$13, IF(VLOOKUP(AC74,$W:$Z,4,FALSE)>=$AD$13+0.5,3, IF(VLOOKUP(AC74,$W:$Z,4,FALSE)>=$AD$13+0.25,2,1) ), 0), 0) -> 0
W75: Admin, AMC | X75: =VLOOKUP(W75,$A$12:$S$60, 4,FALSE) -> 0 | Y75: =VLOOKUP(W75,$A$12:$S$60, 8,FALSE) -> 0 | Z75: =VLOOKUP(W75,$A$12:$S$60, 16,FALSE) -> 0 | AC75: =W73 -> Woodke, Jeralyn | AD75: =IF(VLOOKUP(AC75,$W:$Z,2,FALSE)>=100, IF(VLOOKUP(AC75,$W:$Z,4,FALSE)>$AD$13, IF(VLOOKUP(AC75,$W:$Z,4,FALSE)>=$AD$13+0.5,3, IF(VLOOKUP(AC75,$W:$Z,4,FALSE)>=$AD$13+0.25,2,1) ), 0), 0) -> 0
AC76: =W74 -> Mead, Emily | AD76: =IF(VLOOKUP(AC76,$W:$Z,2,FALSE)>=100, IF(VLOOKUP(AC76,$W:$Z,4,FALSE)>$AD$13, IF(VLOOKUP(AC76,$W:$Z,4,FALSE)>=$AD$13+0.5,3, IF(VLOOKUP(AC76,$W:$Z,4,FALSE)>=$AD$13+0.25,2,1) ), 0), 0) -> 0
AC77: =W75 -> Admin, AMC | AD77: =IF(VLOOKUP(AC77,$W:$Z,2,FALSE)>=100, IF(VLOOKUP(AC77,$W:$Z,4,FALSE)>$AD$13, IF(VLOOKUP(AC77,$W:$Z,4,FALSE)>=$AD$13+0.5,3, IF(VLOOKUP(AC77,$W:$Z,4,FALSE)>=$AD$13+0.25,2,1) ), 0), 0) -> 0
AC78: Total Bonus | AD78: =SUM(AD69:AD77) -> 1

Sheet Week 5
A1: AMC | F1: Employee AweS.U.M. Report
A2: Woodinville Unit2449 (02449)
A3: 17640 138th Pl. NE
A4: Woodinville, Washington | F4: Business Date Range: 12/19/2025 to 12/25/2025
A5: 98072- | F5: Sort By Employee
A6: UNITED STATES
M7: Average | AC7: Team | AD7: UPT | AE7: n | AG7: Winner For the Week | AK7: Scoreboard
I8: UPT | M8: Transaction | W8: Chica | Y8: Average Tranaction | Z8: =(SUM(Y11:Y20)/SUM(X11:X20)) -> 2.7727718 | AC8: =W8 -> Chica | AD8: =Z8 -> 2.7727718 | AE8: =SUM(X11:X20) -> 1021 | AG8: 1st | AH8: =INDEX($AC$8:$AC$12, MATCH(LARGE($AD$8:$AD$12, 1), $AD$8:$AD$12, 0)) -> Bonnie | AL8: Previous Week | AM8: Bonus Points (Individual) | AN8: Bonus Point Team Improvement | AO8: Earned Points | AP8: Total Points
G9: Theatre Average: | I9: 2.74 | O9: $25.39 | AC9: =W22 -> Bonnie | AD9: =Z22 -> 2.8271186 | AE9: =SUM(X25:X34) -> 590 | AG9: 2nd | AH9: =INDEX($AC$8:$AC$12, MATCH(LARGE($AD$8:$AD$12, 2), $AD$8:$AD$12, 0)) -> Foxy | AK9: =W8 -> Chica | AL9: ='Week 4'!AP9 -> 14 | AM9: =AD28 -> 4 | AN9: =AH31 -> 1 | AO9: =AH14 -> 1 | AP9: =SUM(AL9:AO9) -> 20
D10: # of Transactions | X10: # Transactions | Y10: # of Units Sold | Z10: UPT | AC10: =W36 -> Freddy | AD10: =Z36 -> 2.6605081 | AE10: =SUM(X39:X48) -> 866 | AG10: 3rd | AH10: =INDEX($AC$8:$AC$12, MATCH(LARGE($AD$8:$AD$12, 3), $AD$8:$AD$12, 0)) -> Chica | AK10: =W22 -> Bonnie | AL10: ='Week 4'!AP10 -> 10 | AM10: =AD41 -> 2 | AN10: =AH32 -> 1 | AO10: =AH15 -> 3 | AP10: =SUM(AL10:AO10) -> 16
A11: Employee Name | G11: # of Units Sold | K11: Total Sales | P11: UPT | S11: Average Transaction | W11: Lopez, Ebony | X11: =VLOOKUP(W11,$A$12:$S$65, 4,FALSE) -> 167 | Y11: =VLOOKUP(W11,$A$12:$S$65, 8,FALSE) -> 525 | Z11: =VLOOKUP(W11,$A$12:$S$65, 16,FALSE) -> 3.14 | AC11: =W50 -> Balloon Boy | AD11: =Z50 -> 2.6596597 | AE11: =SUM(X53:X62) -> 999 | AK11: =W36 -> Freddy | AL11: ='Week 4'!AP11 -> 12 | AM11: =AD54 -> 1 | AN11: =AH33 -> 1 | AO11: =AH16 -> 0 | AP11: =SUM(AL11:AO11) -> 14
A12: Admin, AMC | D12: 0 | H12: 0 | L12: 0 | P12: 0 | S12: 0 | W12: Allen, Wren | X12: =VLOOKUP(W12,$A$12:$S$65, 4,FALSE) -> 168 | Y12: =VLOOKUP(W12,$A$12:$S$65, 8,FALSE) -> 454 | Z12: =VLOOKUP(W12,$A$12:$S$65, 16,FALSE) -> 2.7 | AC12: =W64 -> Foxy | AD12: =Z64 -> 2.8080594 | AE12: =SUM(X67:X75) -> 943 | AK12: =W50 -> Balloon Boy | AL12: ='Week 4'!AP12 -> 13 | AM12: =AD66 -> 2 | AN12: =AH34 -> 1 | AO12: =AH17 -> 0 | AP12: =SUM(AL12:AO12) -> 16
A13: admin2, amc | D13: 0 | H13: 0 | L13: 0 | P13: 0 | S13: 0 | W13: Araya, Kidane | X13: =VLOOKUP(W13,$A$12:$S$65, 4,FALSE) -> 158 | Y13: =VLOOKUP(W13,$A$12:$S$65, 8,FALSE) -> 399 | Z13: =VLOOKUP(W13,$A$12:$S$65, 16,FALSE) -> 2.53 | AC13: THEATRE | AD13: =I9 -> 2.74 | AE13: =SUM(D12:D65) -> 4523 | AG13: Earned Points Ranking | AK13: =W64 -> Foxy | AL13: ='Week 4'!AP13 -> 4 | AM13: =AD78 -> 3 | AN13: =AH35 -> 1 | AO13: =AH18 -> 2 | AP13: =SUM(AL13:AO13) -> 10
A14: Administrator, RSM | D14: 0 | H14: 0 | L14: 0 | P14: 0 | S14: 0 | W14: Gemmer, Jake | X14: =VLOOKUP(W14,$A$12:$S$65, 4,FALSE) -> 29 | Y14: =VLOOKUP(W14,$A$12:$S$65, 8,FALSE) -> 73 | Z14: =VLOOKUP(W14,$A$12:$S$65, 16,FALSE) -> 2.52 | AG14: =W8 -> Chica | AH14: =IF(AG14=$AH$8,3,IF(AG14=$AH$9,2,IF(AG14=$AH$10,1,0))) -> 1
A15: Albert, Rowan | D15: 153 | H15: 383 | L15: 3511.13 | P15: 2.5 | S15: 22.95 | W15: Jackson, Parker | X15: =VLOOKUP(W15,$A$12:$S$65, 4,FALSE) -> 23 | Y15: =VLOOKUP(W15,$A$12:$S$65, 8,FALSE) -> 64 | Z15: =VLOOKUP(W15,$A$12:$S$65, 16,FALSE) -> 2.78 | AG15: =W22 -> Bonnie | AH15: =IF(AG15=$AH$8,3,IF(AG15=$AH$9,2,IF(AG15=$AH$10,1,0))) -> 3 | AM15: Leaderboard
A16: Alemayehu, Eyouel | D16: 206 | H16: 593 | L16: 5592.3 | P16: 2.88 | S16: 27.15 | W16: Mccarty, Katelynn | X16: =VLOOKUP(W16,$A$12:$S$65, 4,FALSE) -> 182 | Y16: =VLOOKUP(W16,$A$12:$S$65, 8,FALSE) -> 531 | Z16: =VLOOKUP(W16,$A$12:$S$65, 16,FALSE) -> 2.92 | AG16: =W36 -> Freddy | AH16: =IF(AG16=$AH$8,3,IF(AG16=$AH$9,2,IF(AG16=$AH$10,1,0))) -> 0 | AM16: First | AN16: =INDEX($AK$9:$AK$13, MATCH(LARGE($AP$9:$AP$13, 1), $AP$9:$AP$13, 0)) -> Chica
A17: Allen, Wren | D17: 168 | H17: 454 | L17: 4218.35 | P17: 2.7 | S17: 25.11 | W17: Montero, Rowan | X17: =VLOOKUP(W17,$A$12:$S$65, 4,FALSE) -> 14 | Y17: =VLOOKUP(W17,$A$12:$S$65, 8,FALSE) -> 29 | Z17: =VLOOKUP(W17,$A$12:$S$65, 16,FALSE) -> 2.07 | AC17: =W8 -> Chica | AD17: Bonus Points? | AG17: =W50 -> Balloon Boy | AH17: =IF(AG17=$AH$8,3,IF(AG17=$AH$9,2,IF(AG17=$AH$10,1,0))) -> 0 | AM17: Second | AN17: =INDEX($AK$9:$AK$13, MATCH(LARGE($AP$9:$AP$13, 2), $AP$9:$AP$13, 0)) -> Bonnie
A18: Araya, Kidane | D18: 158 | H18: 399 | L18: 3685.3 | P18: 2.53 | S18: 23.32 | W18: Pepper, Courtney | X18: =VLOOKUP(W18,$A$12:$S$65, 4,FALSE) -> 112 | Y18: =VLOOKUP(W18,$A$12:$S$65, 8,FALSE) -> 290 | Z18: =VLOOKUP(W18,$A$12:$S$65, 16,FALSE) -> 2.59 | AC18: =W11 -> Lopez, Ebony | AD18: =IF(VLOOKUP(AC18,$W:$Z,2,FALSE)>=100, IF(VLOOKUP(AC18,$W:$Z,4,FALSE)>$AD$13, IF(VLOOKUP(AC18,$W:$Z,4,FALSE)>=$AD$13+0.5,3, IF(VLOOKUP(AC18,$W:$Z,4,FALSE)>=$AD$13+0.25,2,1) ), 0), 0) -> 2 | AG18: =W64 -> Foxy | AH18: =IF(AG18=$AH$8,3,IF(AG18=$AH$9,2,IF(AG18=$AH$10,1,0))) -> 2 | AM18: Third | AN18: =INDEX($AK$9:$AK$13, MATCH(LARGE($AP$9:$AP$13, 3), $AP$9:$AP$13, 0)) -> Bonnie
A19: Carpenter, Iris | D19: 134 | H19: 337 | L19: 3107.54 | P19: 2.51 | S19: 23.19 | W19: Taylor, Ronni | X19: =VLOOKUP(W19,$A$12:$S$65, 4,FALSE) -> 168 | Y19: =VLOOKUP(W19,$A$12:$S$65, 8,FALSE) -> 466 | Z19: =VLOOKUP(W19,$A$12:$S$65, 16,FALSE) -> 2.77 | AC19: =W12 -> Allen, Wren | AD19: =IF(VLOOKUP(AC19,$W:$Z,2,FALSE)>=100, IF(VLOOKUP(AC19,$W:$Z,4,FALSE)>$AD$13, IF(VLOOKUP(AC19,$W:$Z,4,FALSE)>=$AD$13+0.5,3, IF(VLOOKUP(AC19,$W:$Z,4,FALSE)>=$AD$13+0.25,2,1) ), 0), 0) -> 0 | AM19: Fourth | AN19: =INDEX($AK$9:$AK$13, MATCH(LARGE($AP$9:$AP$13, 4), $AP$9:$AP$13, 0)) -> Freddy
A20: Cloud, Annette | D20: 0 | H20: 0 | L20: 0 | P20: 0 | S20: 0 | V20: keira | W20: Hall, Keira | X20: =VLOOKUP(W20,$A$12:$S$65, 4,FALSE) -> 0 | Y20: =VLOOKUP(W20,$A$12:$S$65, 8,FALSE) -> 0 | Z20: =VLOOKUP(W20,$A$12:$S$65, 16,FALSE) -> 0 | AC20: =W13 -> Araya, Kidane | AD20: =IF(VLOOKUP(AC20,$W:$Z,2,FALSE)>=100, IF(VLOOKUP(AC20,$W:$Z,4,FALSE)>$AD$13, IF(VLOOKUP(AC20,$W:$Z,4,FALSE)>=$AD$13+0.5,3, IF(VLOOKUP(AC20,$W:$Z,4,FALSE)>=$AD$13+0.25,2,1) ), 0), 0) -> 0 | AM20: Fifth | AN20: =INDEX($AK$9:$AK$13, MATCH(LARGE($AP$9:$AP$13, 5), $AP$9:$AP$13, 0)) -> Foxy
A21: DaPra, Kylan | D21: 41 | H21: 112 | L21: 1058.83 | P21: 2.73 | S21: 25.83 | AC21: =W14 -> Gemmer, Jake | AD21: =IF(VLOOKUP(AC21,$W:$Z,2,FALSE)>=100, IF(VLOOKUP(AC21,$W:$Z,4,FALSE)>$AD$13, IF(VLOOKUP(AC21,$W:$Z,4,FALSE)>=$AD$13+0.5,3, IF(VLOOKUP(AC21,$W:$Z,4,FALSE)>=$AD$13+0.25,2,1) ), 0), 0) -> 0 | AG21: Last Week
A22: Delelu, Samra | D22: 0 | H22: 0 | L22: 0 | P22: 0 | S22: 0 | W22: Bonnie | Y22: UPT | Z22: =(SUM(Y25:Y34)/SUM(X25:X34)) -> 2.8271186 | AC22: =W15 -> Jackson, Parker | AD22: =IF(VLOOKUP(AC22,$W:$Z,2,FALSE)>=100, IF(VLOOKUP(AC22,$W:$Z,4,FALSE)>$AD$13, IF(VLOOKUP(AC22,$W:$Z,4,FALSE)>=$AD$13+0.5,3, IF(VLOOKUP(AC22,$W:$Z,4,FALSE)>=$AD$13+0.25,2,1) ), 0), 0) -> 0 | AG22: Team | AH22: UPT
A23: Dellinger, Lauren | D23: 37 | H23: 106 | L23: 980.79 | P23: 2.86 | S23: 26.51 | AC23: =W16 -> Mccarty, Katelynn | AD23: =IF(VLOOKUP(AC23,$W:$Z,2,FALSE)>=100, IF(VLOOKUP(AC23,$W:$Z,4,FALSE)>$AD$13, IF(VLOOKUP(AC23,$W:$Z,4,FALSE)>=$AD$13+0.5,3, IF(VLOOKUP(AC23,$W:$Z,4,FALSE)>=$AD$13+0.25,2,1) ), 0), 0) -> 1 | AG23: =W8 -> Chica | AH23: ='Week 4'!AD8 -> 2.5349544
A24: Dick, Emilie | D24: 88 | H24: 252 | L24: 2347.57 | P24: 2.86 | S24: 26.68 | X24: # Transactions | Y24: # of Units Sold | Z24: UPT | AC24: =W17 -> Montero, Rowan | AD24: =IF(VLOOKUP(AC24,$W:$Z,2,FALSE)>=100, IF(VLOOKUP(AC24,$W:$Z,4,FALSE)>$AD$13, IF(VLOOKUP(AC24,$W:$Z,4,FALSE)>=$AD$13+0.5,3, IF(VLOOKUP(AC24,$W:$Z,4,FALSE)>=$AD$13+0.25,2,1) ), 0), 0) -> 0 | AG24: =W22 -> Bonnie | AH24: ='Week 4'!AD9 -> 2.4912281
A25: Farmer, Kasey | D25: 134 | H25: 404 | L25: 3736.94 | P25: 3.01 | S25: 27.89 | W25: Zeller, Daniel | X25: =VLOOKUP(W25,$A$12:$S$65, 4,FALSE) -> 75 | Y25: =VLOOKUP(W25,$A$12:$S$65, 8,FALSE) -> 197 | Z25: =VLOOKUP(W25,$A$12:$S$65, 16,FALSE) -> 2.63 | AC25: =W18 -> Pepper, Courtney | AD25: =IF(VLOOKUP(AC25,$W:$Z,2,FALSE)>=100, IF(VLOOKUP(AC25,$W:$Z,4,FALSE)>$AD$13, IF(VLOOKUP(AC25,$W:$Z,4,FALSE)>=$AD$13+0.5,3, IF(VLOOKUP(AC25,$W:$Z,4,FALSE)>=$AD$13+0.25,2,1) ), 0), 0) -> 0 | AG25: =W36 -> Freddy | AH25: ='Week 4'!AD10 -> 2.5585586
A26: Findley, Amanda | D26: 6 | H26: 17 | L26: 162.46 | P26: 2.83 | S26: 27.08 | W26: Dick, Emilie | X26: =VLOOKUP(W26,$A$12:$S$65, 4,FALSE) -> 88 | Y26: =VLOOKUP(W26,$A$12:$S$65, 8,FALSE) -> 252 | Z26: =VLOOKUP(W26,$A$12:$S$65, 16,FALSE) -> 2.86 | AC26: =W19 -> Taylor, Ronni | AD26: =IF(VLOOKUP(AC26,$W:$Z,2,FALSE)>=100, IF(VLOOKUP(AC26,$W:$Z,4,FALSE)>$AD$13, IF(VLOOKUP(AC26,$W:$Z,4,FALSE)>=$AD$13+0.5,3, IF(VLOOKUP(AC26,$W:$Z,4,FALSE)>=$AD$13+0.25,2,1) ), 0), 0) -> 1 | AG26: =W50 -> Balloon Boy | AH26: ='Week 4'!AD11 -> 2.4479554
A27: Gashu, Amanuel | D27: 41 | H27: 146 | L27: 1380.41 | P27: 3.56 | S27: 33.67 | W27: Farmer, Kasey | X27: =VLOOKUP(W27,$A$12:$S$65, 4,FALSE) -> 134 | Y27: =VLOOKUP(W27,$A$12:$S$65, 8,FALSE) -> 404 | Z27: =VLOOKUP(W27,$A$12:$S$65, 16,FALSE) -> 3.01 | AC27: =W20 -> Hall, Keira | AD27: =IF(VLOOKUP(AC27,$W:$Z,2,FALSE)>=100, IF(VLOOKUP(AC27,$W:$Z,4,FALSE)>$AD$13, IF(VLOOKUP(AC27,$W:$Z,4,FALSE)>=$AD$13+0.5,3, IF(VLOOKUP(AC27,$W:$Z,4,FALSE)>=$AD$13+0.25,2,1) ), 0), 0) -> 0 | AG27: =W64 -> Foxy | AH27: ='Week 4'!AD12 -> 2.4080944
A28: Gemmer, Jake | D28: 29 | H28: 73 | L28: 638.49 | P28: 2.52 | S28: 22.02 | W28: Gashu, Amanuel | X28: =VLOOKUP(W28,$A$12:$S$65, 4,FALSE) -> 41 | Y28: =VLOOKUP(W28,$A$12:$S$65, 8,FALSE) -> 146 | Z28: =VLOOKUP(W28,$A$12:$S$65, 16,FALSE) -> 3.56 | AC28: Total Bonus | AD28: =SUM(AD18:AD27) -> 4
A29: Hall, Ella | D29: 264 | H29: 708 | L29: 6584.44 | P29: 2.68 | S29: 24.94 | W29: Hatch, Aidan | X29: =VLOOKUP(W29,$A$12:$S$65, 4,FALSE) -> 5 | Y29: =VLOOKUP(W29,$A$12:$S$65, 8,FALSE) -> 12 | Z29: =VLOOKUP(W29,$A$12:$S$65, 16,FALSE) -> 2.4
A30: Hall, Keira | D30: 0 | H30: 0 | L30: 0 | P30: 0 | S30: 0 | W30: Admin, AMC | X30: =VLOOKUP(W30,$A$12:$S$65, 4,FALSE) -> 0 | Y30: =VLOOKUP(W30,$A$12:$S$65, 8,FALSE) -> 0 | Z30: =VLOOKUP(W30,$A$12:$S$65, 16,FALSE) -> 0 | AC30: =W22 -> Bonnie | AD30: Bonus Points? | AG30: Bonus Point for Team Improvement?
A31: Hatch, Aidan | D31: 5 | H31: 12 | L31: 104.56 | P31: 2.4 | S31: 20.91 | W31: Ryder, Erin | X31: =VLOOKUP(W31,$A$12:$S$65, 4,FALSE) -> 45 | Y31: =VLOOKUP(W31,$A$12:$S$65, 8,FALSE) -> 135 | Z31: =VLOOKUP(W31,$A$12:$S$65, 16,FALSE) -> 3 | AC31: =W25 -> Zeller, Daniel | AD31: =IF(VLOOKUP(AC31,$W:$Z,2,FALSE)>=100, IF(VLOOKUP(AC31,$W:$Z,4,FALSE)>$AD$13, IF(VLOOKUP(AC31,$W:$Z,4,FALSE)>=$AD$13+0.5,3, IF(VLOOKUP(AC31,$W:$Z,4,FALSE)>=$AD$13+0.25,2,1) ), 0), 0) -> 0 | AG31: =W8 -> Chica | AH31: =IF(AD8>AH23,1,0) -> 1
A32: Hill, Gabby | D32: 167 | H32: 471 | L32: 4375.48 | P32: 2.82 | S32: 26.2 | W32: Yandle, Chuck | X32: =VLOOKUP(W32,$A$12:$S$65, 4,FALSE) -> 202 | Y32: =VLOOKUP(W32,$A$12:$S$65, 8,FALSE) -> 522 | Z32: =VLOOKUP(W32,$A$12:$S$65, 16,FALSE) -> 2.58 | AC32: =W26 -> Dick, Emilie | AD32: =IF(VLOOKUP(AC32,$W:$Z,2,FALSE)>=100, IF(VLOOKUP(AC32,$W:$Z,4,FALSE)>$AD$13, IF(VLOOKUP(AC32,$W:$Z,4,FALSE)>=$AD$13+0.5,3, IF(VLOOKUP(AC32,$W:$Z,4,FALSE)>=$AD$13+0.25,2,1) ), 0), 0) -> 0 | AG32: =W22 -> Bonnie | AH32: =IF(AD9>AH24, 1,0) -> 1
A33: Isreal, Zeal | D33: 196 | H33: 541 | L33: 4867.48 | P33: 2.76 | S33: 24.83 | W33: Way, Abby | X33: =VLOOKUP(W33,$A$12:$S$65, 4,FALSE) -> 0 | Y33: =VLOOKUP(W33,$A$12:$S$65, 8,FALSE) -> 0 | Z33: =VLOOKUP(W33,$A$12:$S$65, 16,FALSE) -> 0 | AC33: =W27 -> Farmer, Kasey | AD33: =IF(VLOOKUP(AC33,$W:$Z,2,FALSE)>=100, IF(VLOOKUP(AC33,$W:$Z,4,FALSE)>$AD$13, IF(VLOOKUP(AC33,$W:$Z,4,FALSE)>=$AD$13+0.5,3, IF(VLOOKUP(AC33,$W:$Z,4,FALSE)>=$AD$13+0.25,2,1) ), 0), 0) -> 2 | AG33: =W36 -> Freddy | AH33: =IF(AD10>AH25, 1,0) -> 1
A34: Jackson, Parker | D34: 23 | H34: 64 | L34: 583.06 | P34: 2.78 | S34: 25.35 | V34: abby | W34: Admin, AMC | X34: =VLOOKUP(W34,$A$12:$S$65, 4,FALSE) -> 0 | Y34: =VLOOKUP(W34,$A$12:$S$65, 8,FALSE) -> 0 | Z34: =VLOOKUP(W34,$A$12:$S$65, 16,FALSE) -> 0 | AC34: =W28 -> Gashu, Amanuel | AD34: =IF(VLOOKUP(AC34,$W:$Z,2,FALSE)>=100, IF(VLOOKUP(AC34,$W:$Z,4,FALSE)>$AD$13, IF(VLOOKUP(AC34,$W:$Z,4,FALSE)>=$AD$13+0.5,3, IF(VLOOKUP(AC34,$W:$Z,4,FALSE)>=$AD$13+0.25,2,1) ), 0), 0) -> 0 | AG34: =W50 -> Balloon Boy | AH34: =IF(AD11>AH26, 1,0) -> 1
A35: Kelly, Ryan | D35: 30 | H35: 83 | L35: 777.97 | P35: 2.77 | S35: 25.93 | AC35: =W29 -> Hatch, Aidan | AD35: =IF(VLOOKUP(AC35,$W:$Z,2,FALSE)>=100, IF(VLOOKUP(AC35,$W:$Z,4,FALSE)>$AD$13, IF(VLOOKUP(AC35,$W:$Z,4,FALSE)>=$AD$13+0.5,3, IF(VLOOKUP(AC35,$W:$Z,4,FALSE)>=$AD$13+0.25,2,1) ), 0), 0) -> 0 | AG35: =W64 -> Foxy | AH35: =IF(AD12>AH27, 1,0) -> 1
A36: Koessler, Bayley | D36: 0 | H36: 0 | L36: 0 | P36: 0 | S36: 0 | W36: Freddy | Y36: UPT | Z36: =(SUM(Y39:Y48)/SUM(X39:X48)) -> 2.6605081 | AC36: =W30 -> Admin, AMC | AD36: =IF(VLOOKUP(AC36,$W:$Z,2,FALSE)>=100, IF(VLOOKUP(AC36,$W:$Z,4,FALSE)>$AD$13, IF(VLOOKUP(AC36,$W:$Z,4,FALSE)>=$AD$13+0.5,3, IF(VLOOKUP(AC36,$W:$Z,4,FALSE)>=$AD$13+0.25,2,1) ), 0), 0) -> 0
A37: Krause, Daniel | D37: 337 | H37: 926 | L37: 8535.46 | P37: 2.75 | S37: 25.33 | AC37: =W31 -> Ryder, Erin | AD37: =IF(VLOOKUP(AC37,$W:$Z,2,FALSE)>=100, IF(VLOOKUP(AC37,$W:$Z,4,FALSE)>$AD$13, IF(VLOOKUP(AC37,$W:$Z,4,FALSE)>=$AD$13+0.5,3, IF(VLOOKUP(AC37,$W:$Z,4,FALSE)>=$AD$13+0.25,2,1) ), 0), 0) -> 0
A38: Lawson, Nick | D38: 204 | H38: 524 | L38: 4985.39 | P38: 2.57 | S38: 24.44 | X38: # Transactions | Y38: # of Units Sold | Z38: UPT | AC38: =W32 -> Yandle, Chuck | AD38: =IF(VLOOKUP(AC38,$W:$Z,2,FALSE)>=100, IF(VLOOKUP(AC38,$W:$Z,4,FALSE)>$AD$13, IF(VLOOKUP(AC38,$W:$Z,4,FALSE)>=$AD$13+0.5,3, IF(VLOOKUP(AC38,$W:$Z,4,FALSE)>=$AD$13+0.25,2,1) ), 0), 0) -> 0
A39: Lingg, Beckett | D39: 57 | H39: 162 | L39: 1517.09 | P39: 2.84 | S39: 26.62 | W39: DaPra, Kylan | X39: =VLOOKUP(W39,$A$12:$S$65, 4,FALSE) -> 41 | Y39: =VLOOKUP(W39,$A$12:$S$65, 8,FALSE) -> 112 | Z39: =VLOOKUP(W39,$A$12:$S$65, 16,FALSE) -> 2.73 | AC39: =W33 -> Way, Abby | AD39: =IF(VLOOKUP(AC39,$W:$Z,2,FALSE)>=100, IF(VLOOKUP(AC39,$W:$Z,4,FALSE)>$AD$13, IF(VLOOKUP(AC39,$W:$Z,4,FALSE)>=$AD$13+0.5,3, IF(VLOOKUP(AC39,$W:$Z,4,FALSE)>=$AD$13+0.25,2,1) ), 0), 0) -> 0
A40: Lopez, Ebony | D40: 167 | H40: 525 | L40: 4670.52 | P40: 3.14 | S40: 27.97 | W40: Albert, Rowan | X40: =VLOOKUP(W40,$A$12:$S$65, 4,FALSE) -> 153 | Y40: =VLOOKUP(W40,$A$12:$S$65, 8,FALSE) -> 383 | Z40: =VLOOKUP(W40,$A$12:$S$65, 16,FALSE) -> 2.5 | AC40: =W34 -> Admin, AMC | AD40: =IF(VLOOKUP(AC40,$W:$Z,2,FALSE)>=100, IF(VLOOKUP(AC40,$W:$Z,4,FALSE)>$AD$13, IF(VLOOKUP(AC40,$W:$Z,4,FALSE)>=$AD$13+0.5,3, IF(VLOOKUP(AC40,$W:$Z,4,FALSE)>=$AD$13+0.25,2,1) ), 0), 0) -> 0
A41: Lopez, Matthew | D41: 0 | H41: 0 | L41: 0 | P41: 0 | S41: 0 | W41: Cloud, Annette | X41: =VLOOKUP(W41,$A$12:$S$65, 4,FALSE) -> 0 | Y41: =VLOOKUP(W41,$A$12:$S$65, 8,FALSE) -> 0 | Z41: =VLOOKUP(W41,$A$12:$S$65, 16,FALSE) -> 0 | AC41: Total Bonus | AD41: =SUM(AD31:AD40) -> 2
A42: Mccarty, Katelynn | D42: 182 | H42: 531 | L42: 5034.47 | P42: 2.92 | S42: 27.66 | W42: Hill, Gabby | X42: =VLOOKUP(W42,$A$12:$S$65, 4,FALSE) -> 167 | Y42: =VLOOKUP(W42,$A$12:$S$65, 8,FALSE) -> 471 | Z42: =VLOOKUP(W42,$A$12:$S$65, 16,FALSE) -> 2.82
A43: McChesney, Jack | D43: 34 | H43: 98 | L43: 958.86 | P43: 2.88 | S43: 28.2 | W43: Koessler, Bayley | X43: =VLOOKUP(W43,$A$12:$S$65, 4,FALSE) -> 0 | Y43: =VLOOKUP(W43,$A$12:$S$65, 8,FALSE) -> 0 | Z43: =VLOOKUP(W43,$A$12:$S$65, 16,FALSE) -> 0 | AC43: =W36 -> Freddy | AD43: Bonus Points?
A44: Mead, Emily | D44: 90 | H44: 243 | L44: 2296.76 | P44: 2.7 | S44: 25.52 | W44: Wetsit, Karlos | X44: =VLOOKUP(W44,$A$12:$S$65, 4,FALSE) -> 0 | Y44: =VLOOKUP(W44,$A$12:$S$65, 8,FALSE) -> 0 | Z44: =VLOOKUP(W44,$A$12:$S$65, 16,FALSE) -> 0 | AC44: =W39 -> DaPra, Kylan | AD44: =IF(VLOOKUP(AC44,$W:$Z,2,FALSE)>=100, IF(VLOOKUP(AC44,$W:$Z,4,FALSE)>$AD$13, IF(VLOOKUP(AC44,$W:$Z,4,FALSE)>=$AD$13+0.5,3, IF(VLOOKUP(AC44,$W:$Z,4,FALSE)>=$AD$13+0.25,2,1) ), 0), 0) -> 0
A45: Mitchell, Gabe | D45: 62 | H45: 169 | L45: 1472.31 | P45: 2.73 | S45: 23.75 | V45: nick | W45: Lawson, Nick | X45: =VLOOKUP(W45,$A$12:$S$65, 4,FALSE) -> 204 | Y45: =VLOOKUP(W45,$A$12:$S$65, 8,FALSE) -> 524 | Z45: =VLOOKUP(W45,$A$12:$S$65, 16,FALSE) -> 2.57 | AC45: =W40 -> Albert, Rowan | AD45: =IF(VLOOKUP(AC45,$W:$Z,2,FALSE)>=100, IF(VLOOKUP(AC45,$W:$Z,4,FALSE)>$AD$13, IF(VLOOKUP(AC45,$W:$Z,4,FALSE)>=$AD$13+0.5,3, IF(VLOOKUP(AC45,$W:$Z,4,FALSE)>=$AD$13+0.25,2,1) ), 0), 0) -> 0
A46: Montero, Rowan | D46: 14 | H46: 29 | L46: 282.33 | P46: 2.07 | S46: 20.17 | V46: ella | W46: Hall, Ella | X46: =VLOOKUP(W46,$A$12:$S$65, 4,FALSE) -> 264 | Y46: =VLOOKUP(W46,$A$12:$S$65, 8,FALSE) -> 708 | Z46: =VLOOKUP(W46,$A$12:$S$65, 16,FALSE) -> 2.68 | AC46: =W41 -> Cloud, Annette | AD46: =IF(VLOOKUP(AC46,$W:$Z,2,FALSE)>=100, IF(VLOOKUP(AC46,$W:$Z,4,FALSE)>$AD$13, IF(VLOOKUP(AC46,$W:$Z,4,FALSE)>=$AD$13+0.5,3, IF(VLOOKUP(AC46,$W:$Z,4,FALSE)>=$AD$13+0.25,2,1) ), 0), 0) -> 0
A47: Ops, Prog | D47: 0 | H47: 0 | L47: 0 | P47: 0 | S47: 0 | V47: lauren | W47: Dellinger, Lauren | X47: =VLOOKUP(W47,$A$12:$S$65, 4,FALSE) -> 37 | Y47: =VLOOKUP(W47,$A$12:$S$65, 8,FALSE) -> 106 | Z47: =VLOOKUP(W47,$A$12:$S$65, 16,FALSE) -> 2.86 | AC47: =W42 -> Hill, Gabby | AD47: =IF(VLOOKUP(AC47,$W:$Z,2,FALSE)>=100, IF(VLOOKUP(AC47,$W:$Z,4,FALSE)>$AD$13, IF(VLOOKUP(AC47,$W:$Z,4,FALSE)>=$AD$13+0.5,3, IF(VLOOKUP(AC47,$W:$Z,4,FALSE)>=$AD$13+0.25,2,1) ), 0), 0) -> 1
A48: Parshall, Cameron | D48: 0 | H48: 0 | L48: 0 | P48: 0 | S48: 0 | W48: Admin, AMC | X48: =VLOOKUP(W48,$A$12:$S$65, 4,FALSE) -> 0 | Y48: =VLOOKUP(W48,$A$12:$S$65, 8,FALSE) -> 0 | Z48: =VLOOKUP(W48,$A$12:$S$65, 16,FALSE) -> 0 | AC48: =W43 -> Koessler, Bayley | AD48: =IF(VLOOKUP(AC48,$W:$Z,2,FALSE)>=100, IF(VLOOKUP(AC48,$W:$Z,4,FALSE)>$AD$13, IF(VLOOKUP(AC48,$W:$Z,4,FALSE)>=$AD$13+0.5,3, IF(VLOOKUP(AC48,$W:$Z,4,FALSE)>=$AD$13+0.25,2,1) ), 0), 0) -> 0
A49: Parshall, Cameron | D49: 98 | H49: 249 | L49: 2352 | P49: 2.54 | S49: 24 | AC49: =W44 -> Wetsit, Karlos | AD49: =IF(VLOOKUP(AC49,$W:$Z,2,FALSE)>=100, IF(VLOOKUP(AC49,$W:$Z,4,FALSE)>$AD$13, IF(VLOOKUP(AC49,$W:$Z,4,FALSE)>=$AD$13+0.5,3, IF(VLOOKUP(AC49,$W:$Z,4,FALSE)>=$AD$13+0.25,2,1) ), 0), 0) -> 0
A50: Pepper, Courtney | D50: 112 | H50: 290 | L50: 2652.5 | P50: 2.59 | S50: 23.68 | W50: Balloon Boy | Y50: UPT | Z50: =(SUM(Y53:Y62)/SUM(X53:X62)) -> 2.6596597 | AC50: =W45 -> Lawson, Nick | AD50: =IF(VLOOKUP(AC50,$W:$Z,2,FALSE)>=100, IF(VLOOKUP(AC50,$W:$Z,4,FALSE)>$AD$13, IF(VLOOKUP(AC50,$W:$Z,4,FALSE)>=$AD$13+0.5,3, IF(VLOOKUP(AC50,$W:$Z,4,FALSE)>=$AD$13+0.25,2,1) ), 0), 0) -> 0
A51: Perez-Tellez, Damien | D51: 144 | H51: 394 | L51: 3748.07 | P51: 2.74 | S51: 26.03 | AC51: =W46 -> Hall, Ella | AD51: =IF(VLOOKUP(AC51,$W:$Z,2,FALSE)>=100, IF(VLOOKUP(AC51,$W:$Z,4,FALSE)>$AD$13, IF(VLOOKUP(AC51,$W:$Z,4,FALSE)>=$AD$13+0.5,3, IF(VLOOKUP(AC51,$W:$Z,4,FALSE)>=$AD$13+0.25,2,1) ), 0), 0) -> 0
A52: Ryder, Erin | D52: 45 | H52: 135 | L52: 1227.28 | P52: 3 | S52: 27.27 | X52: # Transactions | Y52: # of Units Sold | Z52: UPT | AC52: =W47 -> Dellinger, Lauren | AD52: =IF(VLOOKUP(AC52,$W:$Z,2,FALSE)>=100, IF(VLOOKUP(AC52,$W:$Z,4,FALSE)>$AD$13, IF(VLOOKUP(AC52,$W:$Z,4,FALSE)>=$AD$13+0.5,3, IF(VLOOKUP(AC52,$W:$Z,4,FALSE)>=$AD$13+0.25,2,1) ), 0), 0) -> 0
A53: Ryder, Gavin | D53: 0 | H53: 0 | L53: 0 | P53: 0 | S53: 0 | W53: Kelly, Ryan | X53: =VLOOKUP(W53,$A$12:$S$65, 4,FALSE) -> 30 | Y53: =VLOOKUP(W53,$A$12:$S$65, 8,FALSE) -> 83 | Z53: =VLOOKUP(W53,$A$12:$S$65, 16,FALSE) -> 2.77 | AC53: =W48 -> Admin, AMC | AD53: =IF(VLOOKUP(AC53,$W:$Z,2,FALSE)>=100, IF(VLOOKUP(AC53,$W:$Z,4,FALSE)>$AD$13, IF(VLOOKUP(AC53,$W:$Z,4,FALSE)>=$AD$13+0.5,3, IF(VLOOKUP(AC53,$W:$Z,4,FALSE)>=$AD$13+0.25,2,1) ), 0), 0) -> 0
A54: Santaella, Adriana | D54: 244 | H54: 711 | L54: 6453.62 | P54: 2.91 | S54: 26.45 | W54: Isreal, Zeal | X54: =VLOOKUP(W54,$A$12:$S$65, 4,FALSE) -> 196 | Y54: =VLOOKUP(W54,$A$12:$S$65, 8,FALSE) -> 541 | Z54: =VLOOKUP(W54,$A$12:$S$65, 16,FALSE) -> 2.76 | AC54: Total Bonus | AD54: =SUM(AD44:AD53) -> 1
A55: Shteyngart, Jenna | D55: 112 | H55: 296 | L55: 2723.69 | P55: 2.64 | S55: 24.32 | W55: Lingg, Beckett | X55: =VLOOKUP(W55,$A$12:$S$65, 4,FALSE) -> 57 | Y55: =VLOOKUP(W55,$A$12:$S$65, 8,FALSE) -> 162 | Z55: =VLOOKUP(W55,$A$12:$S$65, 16,FALSE) -> 2.84
A56: Smith, Anders | D56: 165 | H56: 392 | L56: 3671.93 | P56: 2.38 | S56: 22.25 | W56: McChesney, Jack | X56: =VLOOKUP(W56,$A$12:$S$65, 4,FALSE) -> 34 | Y56: =VLOOKUP(W56,$A$12:$S$65, 8,FALSE) -> 98 | Z56: =VLOOKUP(W56,$A$12:$S$65, 16,FALSE) -> 2.88 | AC56: =W50 -> Balloon Boy | AD56: Bonus Points?
A57: Taylor, Ronni | D57: 168 | H57: 466 | L57: 4266.95 | P57: 2.77 | S57: 25.4 | W57: Perez-Tellez, Damien | X57: =VLOOKUP(W57,$A$12:$S$65, 4,FALSE) -> 144 | Y57: =VLOOKUP(W57,$A$12:$S$65, 8,FALSE) -> 394 | Z57: =VLOOKUP(W57,$A$12:$S$65, 16,FALSE) -> 2.74 | AC57: =W53 -> Kelly, Ryan | AD57: =IF(VLOOKUP(AC57,$W:$Z,2,FALSE)>=100, IF(VLOOKUP(AC57,$W:$Z,4,FALSE)>$AD$13, IF(VLOOKUP(AC57,$W:$Z,4,FALSE)>=$AD$13+0.5,3, IF(VLOOKUP(AC57,$W:$Z,4,FALSE)>=$AD$13+0.25,2,1) ), 0), 0) -> 0
A58: Way, Abby | D58: 0 | H58: 0 | L58: 0 | P58: 0 | S58: 0 | W58: Shteyngart, Jenna | X58: =VLOOKUP(W58,$A$12:$S$65, 4,FALSE) -> 112 | Y58: =VLOOKUP(W58,$A$12:$S$65, 8,FALSE) -> 296 | Z58: =VLOOKUP(W58,$A$12:$S$65, 16,FALSE) -> 2.64 | AC58: =W54 -> Isreal, Zeal | AD58: =IF(VLOOKUP(AC58,$W:$Z,2,FALSE)>=100, IF(VLOOKUP(AC58,$W:$Z,4,FALSE)>$AD$13, IF(VLOOKUP(AC58,$W:$Z,4,FALSE)>=$AD$13+0.5,3, IF(VLOOKUP(AC58,$W:$Z,4,FALSE)>=$AD$13+0.25,2,1) ), 0), 0) -> 1
A59: Wetsit, Karlos | D59: 0 | H59: 0 | L59: 0 | P59: 0 | S59: 0 | W59: Smith, Anders | X59: =VLOOKUP(W59,$A$12:$S$65, 4,FALSE) -> 165 | Y59: =VLOOKUP(W59,$A$12:$S$65, 8,FALSE) -> 392 | Z59: =VLOOKUP(W59,$A$12:$S$65, 16,FALSE) -> 2.38 | AC59: =W55 -> Lingg, Beckett | AD59: =IF(VLOOKUP(AC59,$W:$Z,2,FALSE)>=100, IF(VLOOKUP(AC59,$W:$Z,4,FALSE)>$AD$13, IF(VLOOKUP(AC59,$W:$Z,4,FALSE)>=$AD$13+0.5,3, IF(VLOOKUP(AC59,$W:$Z,4,FALSE)>=$AD$13+0.25,2,1) ), 0), 0) -> 0
A60: Woodke, Jeralyn | D60: 4 | H60: 6 | L60: 63.85 | P60: 1.5 | S60: 15.96 | W60: Zinn Krulewitch, Mari | X60: =VLOOKUP(W60,$A$12:$S$65, 4,FALSE) -> 127 | Y60: =VLOOKUP(W60,$A$12:$S$65, 8,FALSE) -> 354 | Z60: =VLOOKUP(W60,$A$12:$S$65, 16,FALSE) -> 2.79 | AC60: =W56 -> McChesney, Jack | AD60: =IF(VLOOKUP(AC60,$W:$Z,2,FALSE)>=100, IF(VLOOKUP(AC60,$W:$Z,4,FALSE)>$AD$13, IF(VLOOKUP(AC60,$W:$Z,4,FALSE)>=$AD$13+0.5,3, IF(VLOOKUP(AC60,$W:$Z,4,FALSE)>=$AD$13+0.25,2,1) ), 0), 0) -> 0
A61: Yandle, Chuck | D61: 202 | H61: 522 | L61: 4938.99 | P61: 2.58 | S61: 24.45 | V61: iris | W61: Ryder, Gavin | X61: =VLOOKUP(W61,$A$12:$S$65, 4,FALSE) -> 0 | Y61: =VLOOKUP(W61,$A$12:$S$65, 8,FALSE) -> 0 | Z61: =VLOOKUP(W61,$A$12:$S$65, 16,FALSE) -> 0 | AC61: =W57 -> Perez-Tellez, Damien | AD61: =IF(VLOOKUP(AC61,$W:$Z,2,FALSE)>=100, IF(VLOOKUP(AC61,$W:$Z,4,FALSE)>$AD$13, IF(VLOOKUP(AC61,$W:$Z,4,FALSE)>=$AD$13+0.5,3, IF(VLOOKUP(AC61,$W:$Z,4,FALSE)>=$AD$13+0.25,2,1) ), 0), 0) -> 0
A62: Zeller, Daniel | D62: 75 | H62: 197 | L62: 1853.26 | P62: 2.63 | S62: 24.71 | W62: Carpenter, Iris | X62: =VLOOKUP(W62,$A$12:$S$65, 4,FALSE) -> 134 | Y62: =VLOOKUP(W62,$A$12:$S$65, 8,FALSE) -> 337 | Z62: =VLOOKUP(W62,$A$12:$S$65, 16,FALSE) -> 2.51 | AC62: =W58 -> Shteyngart, Jenna | AD62: =IF(VLOOKUP(AC62,$W:$Z,2,FALSE)>=100, IF(VLOOKUP(AC62,$W:$Z,4,FALSE)>$AD$13, IF(VLOOKUP(AC62,$W:$Z,4,FALSE)>=$AD$13+0.5,3, IF(VLOOKUP(AC62,$W:$Z,4,FALSE)>=$AD$13+0.25,2,1) ), 0), 0) -> 0
A63: Zinn Krulewitch, Mari | D63: 127 | H63: 354 | L63: 3300.43 | P63: 2.79 | S63: 25.99 | AC63: =W59 -> Smith, Anders | AD63: =IF(VLOOKUP(AC63,$W:$Z,2,FALSE)>=100, IF(VLOOKUP(AC63,$W:$Z,4,FALSE)>$AD$13, IF(VLOOKUP(AC63,$W:$Z,4,FALSE)>=$AD$13+0.5,3, IF(VLOOKUP(AC63,$W:$Z,4,FALSE)>=$AD$13+0.25,2,1) ), 0), 0) -> 0
W64: Foxy | Y64: UPT | Z64: =(SUM(Y67:Y75)/SUM(X67:X75)) -> 2.8080594 | AC64: =W60 -> Zinn Krulewitch, Mari | AD64: =IF(VLOOKUP(AC64,$W:$Z,2,FALSE)>=100, IF(VLOOKUP(AC64,$W:$Z,4,FALSE)>$AD$13, IF(VLOOKUP(AC64,$W:$Z,4,FALSE)>=$AD$13+0.5,3, IF(VLOOKUP(AC64,$W:$Z,4,FALSE)>=$AD$13+0.25,2,1) ), 0), 0) -> 1
AC65: =W62 -> Carpenter, Iris | AD65: =IF(VLOOKUP(AC65,$W:$Z,2,FALSE)>=100, IF(VLOOKUP(AC65,$W:$Z,4,FALSE)>$AD$13, IF(VLOOKUP(AC65,$W:$Z,4,FALSE)>=$AD$13+0.5,3, IF(VLOOKUP(AC65,$W:$Z,4,FALSE)>=$AD$13+0.25,2,1) ), 0), 0) -> 0
X66: # Transactions | Y66: # of Units Sold | Z66: UPT | AC66: Total Bonus | AD66: =SUM(AD57:AD65) -> 2
W67: Mitchell, Gabe | X67: =VLOOKUP(W67,$A$12:$S$65, 4,FALSE) -> 62 | Y67: =VLOOKUP(W67,$A$12:$S$65, 8,FALSE) -> 169 | Z67: =VLOOKUP(W67,$A$12:$S$65, 16,FALSE) -> 2.73
W68: Alemayehu, Eyouel | X68: =VLOOKUP(W68,$A$12:$S$65, 4,FALSE) -> 206 | Y68: =VLOOKUP(W68,$A$12:$S$65, 8,FALSE) -> 593 | Z68: =VLOOKUP(W68,$A$12:$S$65, 16,FALSE) -> 2.88 | AC68: =W64 -> Foxy | AD68: Bonus Points?
W69: Delelu, Samra | X69: =VLOOKUP(W69,$A$12:$S$65, 4,FALSE) -> 0 | Y69: =VLOOKUP(W69,$A$12:$S$65, 8,FALSE) -> 0 | Z69: =VLOOKUP(W69,$A$12:$S$65, 16,FALSE) -> 0 | AC69: =W67 -> Mitchell, Gabe | AD69: =IF(VLOOKUP(AC69,$W:$Z,2,FALSE)>=100, IF(VLOOKUP(AC69,$W:$Z,4,FALSE)>$AD$13, IF(VLOOKUP(AC69,$W:$Z,4,FALSE)>=$AD$13+0.5,3, IF(VLOOKUP(AC69,$W:$Z,4,FALSE)>=$AD$13+0.25,2,1) ), 0), 0) -> 0
W70: Krause, Daniel | X70: =VLOOKUP(W70,$A$12:$S$65, 4,FALSE) -> 337 | Y70: =VLOOKUP(W70,$A$12:$S$65, 8,FALSE) -> 926 | Z70: =VLOOKUP(W70,$A$12:$S$65, 16,FALSE) -> 2.75 | AC70: =W68 -> Alemayehu, Eyouel | AD70: =IF(VLOOKUP(AC70,$W:$Z,2,FALSE)>=100, IF(VLOOKUP(AC70,$W:$Z,4,FALSE)>$AD$13, IF(VLOOKUP(AC70,$W:$Z,4,FALSE)>=$AD$13+0.5,3, IF(VLOOKUP(AC70,$W:$Z,4,FALSE)>=$AD$13+0.25,2,1) ), 0), 0) -> 1
W71: Lopez, Matthew | X71: =VLOOKUP(W71,$A$12:$S$65, 4,FALSE) -> 0 | Y71: =VLOOKUP(W71,$A$12:$S$65, 8,FALSE) -> 0 | Z71: =VLOOKUP(W71,$A$12:$S$65, 16,FALSE) -> 0 | AC71: =W69 -> Delelu, Samra | AD71: =IF(VLOOKUP(AC71,$W:$Z,2,FALSE)>=100, IF(VLOOKUP(AC71,$W:$Z,4,FALSE)>$AD$13, IF(VLOOKUP(AC71,$W:$Z,4,FALSE)>=$AD$13+0.5,3, IF(VLOOKUP(AC71,$W:$Z,4,FALSE)>=$AD$13+0.25,2,1) ), 0), 0) -> 0
W72: Santaella, Adriana | X72: =VLOOKUP(W72,$A$12:$S$65, 4,FALSE) -> 244 | Y72: =VLOOKUP(W72,$A$12:$S$65, 8,FALSE) -> 711 | Z72: =VLOOKUP(W72,$A$12:$S$65, 16,FALSE) -> 2.91 | AC72: =W70 -> Krause, Daniel | AD72: =IF(VLOOKUP(AC72,$W:$Z,2,FALSE)>=100, IF(VLOOKUP(AC72,$W:$Z,4,FALSE)>$AD$13, IF(VLOOKUP(AC72,$W:$Z,4,FALSE)>=$AD$13+0.5,3, IF(VLOOKUP(AC72,$W:$Z,4,FALSE)>=$AD$13+0.25,2,1) ), 0), 0) -> 1
V73: emily | W73: Woodke, Jeralyn | X73: =VLOOKUP(W73,$A$12:$S$65, 4,FALSE) -> 4 | Y73: =VLOOKUP(W73,$A$12:$S$65, 8,FALSE) -> 6 | Z73: =VLOOKUP(W73,$A$12:$S$65, 16,FALSE) -> 1.5 | AC73: =W71 -> Lopez, Matthew | AD73: =IF(VLOOKUP(AC73,$W:$Z,2,FALSE)>=100, IF(VLOOKUP(AC73,$W:$Z,4,FALSE)>$AD$13, IF(VLOOKUP(AC73,$W:$Z,4,FALSE)>=$AD$13+0.5,3, IF(VLOOKUP(AC73,$W:$Z,4,FALSE)>=$AD$13+0.25,2,1) ), 0), 0) -> 0
V74: cam | W74: Mead, Emily | X74: =VLOOKUP(W74,$A$12:$S$65, 4,FALSE) -> 90 | Y74: =VLOOKUP(W74,$A$12:$S$65, 8,FALSE) -> 243 | Z74: =VLOOKUP(W74,$A$12:$S$65, 16,FALSE) -> 2.7 | AC74: =W72 -> Santaella, Adriana | AD74: =IF(VLOOKUP(AC74,$W:$Z,2,FALSE)>=100, IF(VLOOKUP(AC74,$W:$Z,4,FALSE)>$AD$13, IF(VLOOKUP(AC74,$W:$Z,4,FALSE)>=$AD$13+0.5,3, IF(VLOOKUP(AC74,$W:$Z,4,FALSE)>=$AD$13+0.25,2,1) ), 0), 0) -> 1
W75: Parshall, Cameron | X75: =VLOOKUP(W75,$A$12:$S$65, 4,FALSE) -> 0 | Y75: =VLOOKUP(W75,$A$12:$S$65, 8,FALSE) -> 0 | Z75: =VLOOKUP(W75,$A$12:$S$65, 16,FALSE) -> 0 | AC75: =W73 -> Woodke, Jeralyn | AD75: =IF(VLOOKUP(AC75,$W:$Z,2,FALSE)>=100, IF(VLOOKUP(AC75,$W:$Z,4,FALSE)>$AD$13, IF(VLOOKUP(AC75,$W:$Z,4,FALSE)>=$AD$13+0.5,3, IF(VLOOKUP(AC75,$W:$Z,4,FALSE)>=$AD$13+0.25,2,1) ), 0), 0) -> 0
AC76: =W74 -> Mead, Emily | AD76: =IF(VLOOKUP(AC76,$W:$Z,2,FALSE)>=100, IF(VLOOKUP(AC76,$W:$Z,4,FALSE)>$AD$13, IF(VLOOKUP(AC76,$W:$Z,4,FALSE)>=$AD$13+0.5,3, IF(VLOOKUP(AC76,$W:$Z,4,FALSE)>=$AD$13+0.25,2,1) ), 0), 0) -> 0
AC77: =W75 -> Parshall, Cameron | AD77: =IF(VLOOKUP(AC77,$W:$Z,2,FALSE)>=100, IF(VLOOKUP(AC77,$W:$Z,4,FALSE)>$AD$13, IF(VLOOKUP(AC77,$W:$Z,4,FALSE)>=$AD$13+0.5,3, IF(VLOOKUP(AC77,$W:$Z,4,FALSE)>=$AD$13+0.25,2,1) ), 0), 0) -> 0
AC78: Total Bonus | AD78: =SUM(AD69:AD77) -> 3

Sheet Week 6
A1: AMC | F1: Employee AweS.U.M. Report
A2: Woodinville Unit2449 (02449)
A3: 17640 138th Pl. NE
A4: Woodinville, Washington | F4: Business Date Range: 12/26/2025 to 1/1/2026
A5: 98072- | F5: Sort By Employee
A6: UNITED STATES
M7: Average | AC7: Team | AD7: UPT | AE7: n | AG7: Winner For the Week | AK7: Scoreboard
I8: UPT | M8: Transaction | W8: Chica | Y8: UPT | Z8: =(SUM(Y11:Y20)/SUM(X11:X20)) -> 2.5762426 | AC8: =W8 -> Chica | AD8: =Z8 -> 2.5762426 | AE8: =SUM(X11:X20) -> 1187 | AG8: 1st | AH8: =INDEX($AC$8:$AC$12, MATCH(LARGE($AD$8:$AD$12, 1), $AD$8:$AD$12, 0)) -> Freddy | AL8: Previous Week | AM8: Bonus Points (Individual) | AN8: Bonus Point Team Improvement | AO8: Earned Points | AP8: Total Points
G9: Theatre Average: | I9: 2.6 | O9: $23.93 | AC9: =W22 -> Bonnie | AD9: =Z22 -> 2.6351145 | AE9: =SUM(X25:X34) -> 655 | AG9: 2nd | AH9: =INDEX($AC$8:$AC$12, MATCH(LARGE($AD$8:$AD$12, 2), $AD$8:$AD$12, 0)) -> Bonnie | AK9: =W8 -> Chica | AL9: ='Week 5'!AP9 -> 20 | AM9: =AD28 -> 4 | AN9: =AH31 -> 0 | AO9: =AH14 -> 1 | AP9: =SUM(AL9:AO9) -> 25
D10: # of Transactions | X10: # Transactions | Y10: # of Units Sold | Z10: UPT | AC10: =W36 -> Freddy | AD10: =Z36 -> 2.6836216 | AE10: =SUM(X39:X48) -> 983 | AG10: 3rd | AH10: =INDEX($AC$8:$AC$12, MATCH(LARGE($AD$8:$AD$12, 3), $AD$8:$AD$12, 0)) -> Chica | AK10: =W22 -> Bonnie | AL10: ='Week 5'!AP10 -> 16 | AM10: =AD41 -> 0 | AN10: =AH32 -> 0 | AO10: =AH15 -> 2 | AP10: =SUM(AL10:AO10) -> 18
A11: Employee Name | G11: # of Units Sold | K11: Total Sales | P11: UPT | S11: Average Transaction | W11: Lopez, Ebony | X11: =VLOOKUP(W11,$A$12:$S$65, 4,FALSE) -> 102 | Y11: =VLOOKUP(W11,$A$12:$S$65, 8,FALSE) -> 279 | Z11: =VLOOKUP(W11,$A$12:$S$65, 16,FALSE) -> 2.74 | AC11: =W50 -> Balloon Boy | AD11: =Z50 -> 2.5337591 | AE11: =SUM(X53:X62) -> 1096 | AK11: =W36 -> Freddy | AL11: ='Week 5'!AP11 -> 14 | AM11: =AD54 -> 4 | AN11: =AH33 -> 1 | AO11: =AH16 -> 3 | AP11: =SUM(AL11:AO11) -> 22
A12: Admin, AMC | D12: 0 | H12: 0 | L12: 0 | P12: 0 | S12: 0 | W12: Allen, Wren | X12: =VLOOKUP(W12,$A$12:$S$65, 4,FALSE) -> 166 | Y12: =VLOOKUP(W12,$A$12:$S$65, 8,FALSE) -> 421 | Z12: =VLOOKUP(W12,$A$12:$S$65, 16,FALSE) -> 2.54 | AC12: =W64 -> Foxy | AD12: =Z64 -> 2.5578947 | AE12: =SUM(X67:X75) -> 475 | AK12: =W50 -> Balloon Boy | AL12: ='Week 5'!AP12 -> 16 | AM12: =AD66 -> 1 | AN12: =AH34 -> 0 | AO12: =AH17 -> 0 | AP12: =SUM(AL12:AO12) -> 17
A13: admin2, amc | D13: 0 | H13: 0 | L13: 0 | P13: 0 | S13: 0 | W13: Araya, Kidane | X13: =VLOOKUP(W13,$A$12:$S$65, 4,FALSE) -> 345 | Y13: =VLOOKUP(W13,$A$12:$S$65, 8,FALSE) -> 913 | Z13: =VLOOKUP(W13,$A$12:$S$65, 16,FALSE) -> 2.65 | AC13: THEATRE | AD13: =I9 -> 2.6 | AE13: =SUM(D12:D65) -> 4585 | AG13: Earned Points Ranking | AK13: =W64 -> Foxy | AL13: ='Week 5'!AP13 -> 10 | AM13: =AD78 -> 0 | AN13: =AH35 -> 0 | AO13: =AH18 -> 0 | AP13: =SUM(AL13:AO13) -> 10
A14: Administrator, RSM | D14: 0 | H14: 0 | L14: 0 | P14: 0 | S14: 0 | W14: Gemmer, Jake | X14: =VLOOKUP(W14,$A$12:$S$65, 4,FALSE) -> 3 | Y14: =VLOOKUP(W14,$A$12:$S$65, 8,FALSE) -> 9 | Z14: =VLOOKUP(W14,$A$12:$S$65, 16,FALSE) -> 3 | AG14: =W8 -> Chica | AH14: =IF(AG14=$AH$8,3,IF(AG14=$AH$9,2,IF(AG14=$AH$10,1,0))) -> 1
A15: Albert, Rowan | D15: 136 | H15: 369 | L15: 3423.2 | P15: 2.71 | S15: 25.17 | W15: Jackson, Parker | X15: =VLOOKUP(W15,$A$12:$S$65, 4,FALSE) -> 205 | Y15: =VLOOKUP(W15,$A$12:$S$65, 8,FALSE) -> 485 | Z15: =VLOOKUP(W15,$A$12:$S$65, 16,FALSE) -> 2.37 | AG15: =W22 -> Bonnie | AH15: =IF(AG15=$AH$8,3,IF(AG15=$AH$9,2,IF(AG15=$AH$10,1,0))) -> 2 | AM15: Leaderboard
A16: Alemayehu, Eyouel | D16: 72 | H16: 213 | L16: 1956.93 | P16: 2.96 | S16: 27.18 | W16: Mccarty, Katelynn | X16: =VLOOKUP(W16,$A$12:$S$65, 4,FALSE) -> 101 | Y16: =VLOOKUP(W16,$A$12:$S$65, 8,FALSE) -> 269 | Z16: =VLOOKUP(W16,$A$12:$S$65, 16,FALSE) -> 2.66 | AG16: =W36 -> Freddy | AH16: =IF(AG16=$AH$8,3,IF(AG16=$AH$9,2,IF(AG16=$AH$10,1,0))) -> 3 | AM16: First | AN16: =INDEX($AK$9:$AK$13, MATCH(LARGE($AP$9:$AP$13, 1), $AP$9:$AP$13, 0)) -> Chica
A17: Allen, Wren | D17: 166 | H17: 421 | L17: 3893.01 | P17: 2.54 | S17: 23.45 | W17: Montero, Rowan | X17: =VLOOKUP(W17,$A$12:$S$65, 4,FALSE) -> 4 | Y17: =VLOOKUP(W17,$A$12:$S$65, 8,FALSE) -> 13 | Z17: =VLOOKUP(W17,$A$12:$S$65, 16,FALSE) -> 3.25 | AC17: =W8 -> Chica | AD17: Bonus Points? | AG17: =W50 -> Balloon Boy | AH17: =IF(AG17=$AH$8,3,IF(AG17=$AH$9,2,IF(AG17=$AH$10,1,0))) -> 0 | AM17: Second | AN17: =INDEX($AK$9:$AK$13, MATCH(LARGE($AP$9:$AP$13, 2), $AP$9:$AP$13, 0)) -> Freddy
A18: Araya, Kidane | D18: 345 | H18: 913 | L18: 8305.62 | P18: 2.65 | S18: 24.07 | W18: Pepper, Courtney | X18: =VLOOKUP(W18,$A$12:$S$65, 4,FALSE) -> 65 | Y18: =VLOOKUP(W18,$A$12:$S$65, 8,FALSE) -> 153 | Z18: =VLOOKUP(W18,$A$12:$S$65, 16,FALSE) -> 2.35 | AC18: =W11 -> Lopez, Ebony | AD18: =IF(VLOOKUP(AC18,$W:$Z,2,FALSE)>=100, IF(VLOOKUP(AC18,$W:$Z,4,FALSE)>$AD$13, IF(VLOOKUP(AC18,$W:$Z,4,FALSE)>=$AD$13+0.5,3, IF(VLOOKUP(AC18,$W:$Z,4,FALSE)>=$AD$13+0.25,2,1) ), 0), 0) -> 1 | AG18: =W64 -> Foxy | AH18: =IF(AG18=$AH$8,3,IF(AG18=$AH$9,2,IF(AG18=$AH$10,1,0))) -> 0 | AM18: Third | AN18: =INDEX($AK$9:$AK$13, MATCH(LARGE($AP$9:$AP$13, 3), $AP$9:$AP$13, 0)) -> Bonnie
A19: Carpenter, Iris | D19: 153 | H19: 375 | L19: 3410.96 | P19: 2.45 | S19: 22.29 | W19: Taylor, Ronni | X19: =VLOOKUP(W19,$A$12:$S$65, 4,FALSE) -> 0 | Y19: =VLOOKUP(W19,$A$12:$S$65, 8,FALSE) -> 0 | Z19: =VLOOKUP(W19,$A$12:$S$65, 16,FALSE) -> 0 | AC19: =W12 -> Allen, Wren | AD19: =IF(VLOOKUP(AC19,$W:$Z,2,FALSE)>=100, IF(VLOOKUP(AC19,$W:$Z,4,FALSE)>$AD$13, IF(VLOOKUP(AC19,$W:$Z,4,FALSE)>=$AD$13+0.5,3, IF(VLOOKUP(AC19,$W:$Z,4,FALSE)>=$AD$13+0.25,2,1) ), 0), 0) -> 0 | AM19: Fourth | AN19: =INDEX($AK$9:$AK$13, MATCH(LARGE($AP$9:$AP$13, 4), $AP$9:$AP$13, 0)) -> Balloon Boy
A20: Cloud, Annette | D20: 0 | H20: 0 | L20: 0 | P20: 0 | S20: 0 | V20: keira | W20: Hall, Keira | X20: =VLOOKUP(W20,$A$12:$S$65, 4,FALSE) -> 196 | Y20: =VLOOKUP(W20,$A$12:$S$65, 8,FALSE) -> 516 | Z20: =VLOOKUP(W20,$A$12:$S$65, 16,FALSE) -> 2.63 | AC20: =W13 -> Araya, Kidane | AD20: =IF(VLOOKUP(AC20,$W:$Z,2,FALSE)>=100, IF(VLOOKUP(AC20,$W:$Z,4,FALSE)>$AD$13, IF(VLOOKUP(AC20,$W:$Z,4,FALSE)>=$AD$13+0.5,3, IF(VLOOKUP(AC20,$W:$Z,4,FALSE)>=$AD$13+0.25,2,1) ), 0), 0) -> 1 | AM20: Fifth | AN20: =INDEX($AK$9:$AK$13, MATCH(LARGE($AP$9:$AP$13, 5), $AP$9:$AP$13, 0)) -> Foxy
A21: DaPra, Kylan | D21: 27 | H21: 71 | L21: 662.86 | P21: 2.63 | S21: 24.55 | AC21: =W14 -> Gemmer, Jake | AD21: =IF(VLOOKUP(AC21,$W:$Z,2,FALSE)>=100, IF(VLOOKUP(AC21,$W:$Z,4,FALSE)>$AD$13, IF(VLOOKUP(AC21,$W:$Z,4,FALSE)>=$AD$13+0.5,3, IF(VLOOKUP(AC21,$W:$Z,4,FALSE)>=$AD$13+0.25,2,1) ), 0), 0) -> 0 | AG21: Last Week
A22: Delelu, Samra | D22: 0 | H22: 0 | L22: 0 | P22: 0 | S22: 0 | W22: Bonnie | Y22: UPT | Z22: =(SUM(Y25:Y34)/SUM(X25:X34)) -> 2.6351145 | AC22: =W15 -> Jackson, Parker | AD22: =IF(VLOOKUP(AC22,$W:$Z,2,FALSE)>=100, IF(VLOOKUP(AC22,$W:$Z,4,FALSE)>$AD$13, IF(VLOOKUP(AC22,$W:$Z,4,FALSE)>=$AD$13+0.5,3, IF(VLOOKUP(AC22,$W:$Z,4,FALSE)>=$AD$13+0.25,2,1) ), 0), 0) -> 0 | AG22: Team | AH22: UPT
A23: Dellinger, Lauren | D23: 320 | H23: 838 | L23: 7437.83 | P23: 2.62 | S23: 23.24 | AC23: =W16 -> Mccarty, Katelynn | AD23: =IF(VLOOKUP(AC23,$W:$Z,2,FALSE)>=100, IF(VLOOKUP(AC23,$W:$Z,4,FALSE)>$AD$13, IF(VLOOKUP(AC23,$W:$Z,4,FALSE)>=$AD$13+0.5,3, IF(VLOOKUP(AC23,$W:$Z,4,FALSE)>=$AD$13+0.25,2,1) ), 0), 0) -> 1 | AG23: =W8 -> Chica | AH23: ='Week 5'!AD8 -> 2.7727718
A24: Dick, Emilie | D24: 55 | H24: 155 | L24: 1428.18 | P24: 2.82 | S24: 25.97 | X24: # Transactions | Y24: # of Units Sold | Z24: UPT | AC24: =W17 -> Montero, Rowan | AD24: =IF(VLOOKUP(AC24,$W:$Z,2,FALSE)>=100, IF(VLOOKUP(AC24,$W:$Z,4,FALSE)>$AD$13, IF(VLOOKUP(AC24,$W:$Z,4,FALSE)>=$AD$13+0.5,3, IF(VLOOKUP(AC24,$W:$Z,4,FALSE)>=$AD$13+0.25,2,1) ), 0), 0) -> 0 | AG24: =W22 -> Bonnie | AH24: ='Week 5'!AD9 -> 2.8271186
A25: Farmer, Kasey | D25: 133 | H25: 343 | L25: 3210.78 | P25: 2.58 | S25: 24.14 | W25: Zeller, Daniel | X25: =VLOOKUP(W25,$A$12:$S$65, 4,FALSE) -> 60 | Y25: =VLOOKUP(W25,$A$12:$S$65, 8,FALSE) -> 165 | Z25: =VLOOKUP(W25,$A$12:$S$65, 16,FALSE) -> 2.75 | AC25: =W18 -> Pepper, Courtney | AD25: =IF(VLOOKUP(AC25,$W:$Z,2,FALSE)>=100, IF(VLOOKUP(AC25,$W:$Z,4,FALSE)>$AD$13, IF(VLOOKUP(AC25,$W:$Z,4,FALSE)>=$AD$13+0.5,3, IF(VLOOKUP(AC25,$W:$Z,4,FALSE)>=$AD$13+0.25,2,1) ), 0), 0) -> 0 | AG25: =W36 -> Freddy | AH25: ='Week 5'!AD10 -> 2.6605081
A26: Findley, Amanda | D26: 2 | H26: 3 | L26: 32.37 | P26: 1.5 | S26: 16.19 | W26: Dick, Emilie | X26: =VLOOKUP(W26,$A$12:$S$65, 4,FALSE) -> 55 | Y26: =VLOOKUP(W26,$A$12:$S$65, 8,FALSE) -> 155 | Z26: =VLOOKUP(W26,$A$12:$S$65, 16,FALSE) -> 2.82 | AC26: =W19 -> Taylor, Ronni | AD26: =IF(VLOOKUP(AC26,$W:$Z,2,FALSE)>=100, IF(VLOOKUP(AC26,$W:$Z,4,FALSE)>$AD$13, IF(VLOOKUP(AC26,$W:$Z,4,FALSE)>=$AD$13+0.5,3, IF(VLOOKUP(AC26,$W:$Z,4,FALSE)>=$AD$13+0.25,2,1) ), 0), 0) -> 0 | AG26: =W50 -> Balloon Boy | AH26: ='Week 5'!AD11 -> 2.6596597
A27: Gashu, Amanuel | D27: 48 | H27: 125 | L27: 1134.29 | P27: 2.6 | S27: 23.63 | W27: Farmer, Kasey | X27: =VLOOKUP(W27,$A$12:$S$65, 4,FALSE) -> 133 | Y27: =VLOOKUP(W27,$A$12:$S$65, 8,FALSE) -> 343 | Z27: =VLOOKUP(W27,$A$12:$S$65, 16,FALSE) -> 2.58 | AC27: =W20 -> Hall, Keira | AD27: =IF(VLOOKUP(AC27,$W:$Z,2,FALSE)>=100, IF(VLOOKUP(AC27,$W:$Z,4,FALSE)>$AD$13, IF(VLOOKUP(AC27,$W:$Z,4,FALSE)>=$AD$13+0.5,3, IF(VLOOKUP(AC27,$W:$Z,4,FALSE)>=$AD$13+0.25,2,1) ), 0), 0) -> 1 | AG27: =W64 -> Foxy | AH27: ='Week 5'!AD12 -> 2.8080594
A28: Gemmer, Jake | D28: 3 | H28: 9 | L28: 84.09 | P28: 3 | S28: 28.03 | W28: Gashu, Amanuel | X28: =VLOOKUP(W28,$A$12:$S$65, 4,FALSE) -> 48 | Y28: =VLOOKUP(W28,$A$12:$S$65, 8,FALSE) -> 125 | Z28: =VLOOKUP(W28,$A$12:$S$65, 16,FALSE) -> 2.6 | AC28: Total Bonus | AD28: =SUM(AD18:AD27) -> 4
A29: Hall, Ella | D29: 161 | H29: 418 | L29: 3851.78 | P29: 2.6 | S29: 23.92 | W29: Hatch, Aidan | X29: =VLOOKUP(W29,$A$12:$S$65, 4,FALSE) -> 44 | Y29: =VLOOKUP(W29,$A$12:$S$65, 8,FALSE) -> 138 | Z29: =VLOOKUP(W29,$A$12:$S$65, 16,FALSE) -> 3.14
A30: Hall, Keira | D30: 196 | H30: 516 | L30: 4701.21 | P30: 2.63 | S30: 23.99 | W30: Admin, AMC | X30: =VLOOKUP(W30,$A$12:$S$65, 4,FALSE) -> 0 | Y30: =VLOOKUP(W30,$A$12:$S$65, 8,FALSE) -> 0 | Z30: =VLOOKUP(W30,$A$12:$S$65, 16,FALSE) -> 0 | AC30: =W22 -> Bonnie | AD30: Bonus Points? | AG30: Bonus Point for Team Improvement?
A31: Hatch, Aidan | D31: 44 | H31: 138 | L31: 1211.81 | P31: 3.14 | S31: 27.54 | W31: Ryder, Erin | X31: =VLOOKUP(W31,$A$12:$S$65, 4,FALSE) -> 110 | Y31: =VLOOKUP(W31,$A$12:$S$65, 8,FALSE) -> 279 | Z31: =VLOOKUP(W31,$A$12:$S$65, 16,FALSE) -> 2.54 | AC31: =W25 -> Zeller, Daniel | AD31: =IF(VLOOKUP(AC31,$W:$Z,2,FALSE)>=100, IF(VLOOKUP(AC31,$W:$Z,4,FALSE)>$AD$13, IF(VLOOKUP(AC31,$W:$Z,4,FALSE)>=$AD$13+0.5,3, IF(VLOOKUP(AC31,$W:$Z,4,FALSE)>=$AD$13+0.25,2,1) ), 0), 0) -> 0 | AG31: =W8 -> Chica | AH31: =IF(AD8>AH23,1,0) -> 0
A32: Hill, Gabby | D32: 190 | H32: 519 | L32: 4701.06 | P32: 2.73 | S32: 24.74 | W32: Yandle, Chuck | X32: =VLOOKUP(W32,$A$12:$S$65, 4,FALSE) -> 200 | Y32: =VLOOKUP(W32,$A$12:$S$65, 8,FALSE) -> 510 | Z32: =VLOOKUP(W32,$A$12:$S$65, 16,FALSE) -> 2.55 | AC32: =W26 -> Dick, Emilie | AD32: =IF(VLOOKUP(AC32,$W:$Z,2,FALSE)>=100, IF(VLOOKUP(AC32,$W:$Z,4,FALSE)>$AD$13, IF(VLOOKUP(AC32,$W:$Z,4,FALSE)>=$AD$13+0.5,3, IF(VLOOKUP(AC32,$W:$Z,4,FALSE)>=$AD$13+0.25,2,1) ), 0), 0) -> 0 | AG32: =W22 -> Bonnie | AH32: =IF(AD9>AH24, 1,0) -> 0
A33: Isreal, Zeal | D33: 17 | H33: 39 | L33: 345.25 | P33: 2.29 | S33: 20.31 | W33: Way, Abby | X33: =VLOOKUP(W33,$A$12:$S$65, 4,FALSE) -> 5 | Y33: =VLOOKUP(W33,$A$12:$S$65, 8,FALSE) -> 11 | Z33: =VLOOKUP(W33,$A$12:$S$65, 16,FALSE) -> 2.2 | AC33: =W27 -> Farmer, Kasey | AD33: =IF(VLOOKUP(AC33,$W:$Z,2,FALSE)>=100, IF(VLOOKUP(AC33,$W:$Z,4,FALSE)>$AD$13, IF(VLOOKUP(AC33,$W:$Z,4,FALSE)>=$AD$13+0.5,3, IF(VLOOKUP(AC33,$W:$Z,4,FALSE)>=$AD$13+0.25,2,1) ), 0), 0) -> 0 | AG33: =W36 -> Freddy | AH33: =IF(AD10>AH25, 1,0) -> 1
A34: Jackson, Parker | D34: 205 | H34: 485 | L34: 4490.99 | P34: 2.37 | S34: 21.91 | V34: abby | W34: Admin, AMC | X34: =VLOOKUP(W34,$A$12:$S$65, 4,FALSE) -> 0 | Y34: =VLOOKUP(W34,$A$12:$S$65, 8,FALSE) -> 0 | Z34: =VLOOKUP(W34,$A$12:$S$65, 16,FALSE) -> 0 | AC34: =W28 -> Gashu, Amanuel | AD34: =IF(VLOOKUP(AC34,$W:$Z,2,FALSE)>=100, IF(VLOOKUP(AC34,$W:$Z,4,FALSE)>$AD$13, IF(VLOOKUP(AC34,$W:$Z,4,FALSE)>=$AD$13+0.5,3, IF(VLOOKUP(AC34,$W:$Z,4,FALSE)>=$AD$13+0.25,2,1) ), 0), 0) -> 0 | AG34: =W50 -> Balloon Boy | AH34: =IF(AD11>AH26, 1,0) -> 0
A35: Kelly, Ryan | D35: 38 | H35: 118 | L35: 1088.11 | P35: 3.11 | S35: 28.63 | AC35: =W29 -> Hatch, Aidan | AD35: =IF(VLOOKUP(AC35,$W:$Z,2,FALSE)>=100, IF(VLOOKUP(AC35,$W:$Z,4,FALSE)>$AD$13, IF(VLOOKUP(AC35,$W:$Z,4,FALSE)>=$AD$13+0.5,3, IF(VLOOKUP(AC35,$W:$Z,4,FALSE)>=$AD$13+0.25,2,1) ), 0), 0) -> 0 | AG35: =W64 -> Foxy | AH35: =IF(AD12>AH27, 1,0) -> 0
A36: Koessler, Bayley | D36: 107 | H36: 294 | L36: 2773.57 | P36: 2.75 | S36: 25.92 | W36: Freddy | Y36: UPT | Z36: =(SUM(Y39:Y48)/SUM(X39:X48)) -> 2.6836216 | AC36: =W30 -> Admin, AMC | AD36: =IF(VLOOKUP(AC36,$W:$Z,2,FALSE)>=100, IF(VLOOKUP(AC36,$W:$Z,4,FALSE)>$AD$13, IF(VLOOKUP(AC36,$W:$Z,4,FALSE)>=$AD$13+0.5,3, IF(VLOOKUP(AC36,$W:$Z,4,FALSE)>=$AD$13+0.25,2,1) ), 0), 0) -> 0
A37: Krause, Daniel | D37: 74 | H37: 166 | L37: 1530.9 | P37: 2.24 | S37: 20.69 | AC37: =W31 -> Ryder, Erin | AD37: =IF(VLOOKUP(AC37,$W:$Z,2,FALSE)>=100, IF(VLOOKUP(AC37,$W:$Z,4,FALSE)>$AD$13, IF(VLOOKUP(AC37,$W:$Z,4,FALSE)>=$AD$13+0.5,3, IF(VLOOKUP(AC37,$W:$Z,4,FALSE)>=$AD$13+0.25,2,1) ), 0), 0) -> 0
A38: Lawson, Nick | D38: 42 | H38: 129 | L38: 1161.33 | P38: 3.07 | S38: 27.65 | X38: # Transactions | Y38: # of Units Sold | Z38: UPT | AC38: =W32 -> Yandle, Chuck | AD38: =IF(VLOOKUP(AC38,$W:$Z,2,FALSE)>=100, IF(VLOOKUP(AC38,$W:$Z,4,FALSE)>$AD$13, IF(VLOOKUP(AC38,$W:$Z,4,FALSE)>=$AD$13+0.5,3, IF(VLOOKUP(AC38,$W:$Z,4,FALSE)>=$AD$13+0.25,2,1) ), 0), 0) -> 0
A39: Lingg, Beckett | D39: 84 | H39: 215 | L39: 1992.61 | P39: 2.56 | S39: 23.72 | W39: DaPra, Kylan | X39: =VLOOKUP(W39,$A$12:$S$65, 4,FALSE) -> 27 | Y39: =VLOOKUP(W39,$A$12:$S$65, 8,FALSE) -> 71 | Z39: =VLOOKUP(W39,$A$12:$S$65, 16,FALSE) -> 2.63 | AC39: =W33 -> Way, Abby | AD39: =IF(VLOOKUP(AC39,$W:$Z,2,FALSE)>=100, IF(VLOOKUP(AC39,$W:$Z,4,FALSE)>$AD$13, IF(VLOOKUP(AC39,$W:$Z,4,FALSE)>=$AD$13+0.5,3, IF(VLOOKUP(AC39,$W:$Z,4,FALSE)>=$AD$13+0.25,2,1) ), 0), 0) -> 0
A40: Lopez, Ebony | D40: 102 | H40: 279 | L40: 2543.12 | P40: 2.74 | S40: 24.93 | W40: Albert, Rowan | X40: =VLOOKUP(W40,$A$12:$S$65, 4,FALSE) -> 136 | Y40: =VLOOKUP(W40,$A$12:$S$65, 8,FALSE) -> 369 | Z40: =VLOOKUP(W40,$A$12:$S$65, 16,FALSE) -> 2.71 | AC40: =W34 -> Admin, AMC | AD40: =IF(VLOOKUP(AC40,$W:$Z,2,FALSE)>=100, IF(VLOOKUP(AC40,$W:$Z,4,FALSE)>$AD$13, IF(VLOOKUP(AC40,$W:$Z,4,FALSE)>=$AD$13+0.5,3, IF(VLOOKUP(AC40,$W:$Z,4,FALSE)>=$AD$13+0.25,2,1) ), 0), 0) -> 0
A41: Lopez, Matthew | D41: 34 | H41: 105 | L41: 948.6 | P41: 3.09 | S41: 27.9 | W41: Cloud, Annette | X41: =VLOOKUP(W41,$A$12:$S$65, 4,FALSE) -> 0 | Y41: =VLOOKUP(W41,$A$12:$S$65, 8,FALSE) -> 0 | Z41: =VLOOKUP(W41,$A$12:$S$65, 16,FALSE) -> 0 | AC41: Total Bonus | AD41: =SUM(AD31:AD40) -> 0
A42: Mccarty, Katelynn | D42: 101 | H42: 269 | L42: 2546.13 | P42: 2.66 | S42: 25.21 | W42: Hill, Gabby | X42: =VLOOKUP(W42,$A$12:$S$65, 4,FALSE) -> 190 | Y42: =VLOOKUP(W42,$A$12:$S$65, 8,FALSE) -> 519 | Z42: =VLOOKUP(W42,$A$12:$S$65, 16,FALSE) -> 2.73
A43: McChesney, Jack | D43: 182 | H43: 455 | L43: 4245.98 | P43: 2.5 | S43: 23.33 | W43: Koessler, Bayley | X43: =VLOOKUP(W43,$A$12:$S$65, 4,FALSE) -> 107 | Y43: =VLOOKUP(W43,$A$12:$S$65, 8,FALSE) -> 294 | Z43: =VLOOKUP(W43,$A$12:$S$65, 16,FALSE) -> 2.75 | AC43: =W36 -> Freddy | AD43: Bonus Points?
A44: Mead, Emily | D44: 15 | H44: 38 | L44: 361.69 | P44: 2.53 | S44: 24.11 | W44: Wetsit, Karlos | X44: =VLOOKUP(W44,$A$12:$S$65, 4,FALSE) -> 0 | Y44: =VLOOKUP(W44,$A$12:$S$65, 8,FALSE) -> 0 | Z44: =VLOOKUP(W44,$A$12:$S$65, 16,FALSE) -> 0 | AC44: =W39 -> DaPra, Kylan | AD44: =IF(VLOOKUP(AC44,$W:$Z,2,FALSE)>=100, IF(VLOOKUP(AC44,$W:$Z,4,FALSE)>$AD$13, IF(VLOOKUP(AC44,$W:$Z,4,FALSE)>=$AD$13+0.5,3, IF(VLOOKUP(AC44,$W:$Z,4,FALSE)>=$AD$13+0.25,2,1) ), 0), 0) -> 0
A45: Mitchell, Gabe | D45: 60 | H45: 145 | L45: 1353.13 | P45: 2.42 | S45: 22.55 | V45: nick | W45: Lawson, Nick | X45: =VLOOKUP(W45,$A$12:$S$65, 4,FALSE) -> 42 | Y45: =VLOOKUP(W45,$A$12:$S$65, 8,FALSE) -> 129 | Z45: =VLOOKUP(W45,$A$12:$S$65, 16,FALSE) -> 3.07 | AC45: =W40 -> Albert, Rowan | AD45: =IF(VLOOKUP(AC45,$W:$Z,2,FALSE)>=100, IF(VLOOKUP(AC45,$W:$Z,4,FALSE)>$AD$13, IF(VLOOKUP(AC45,$W:$Z,4,FALSE)>=$AD$13+0.5,3, IF(VLOOKUP(AC45,$W:$Z,4,FALSE)>=$AD$13+0.25,2,1) ), 0), 0) -> 1
A46: Montero, Rowan | D46: 4 | H46: 13 | L46: 134.62 | P46: 3.25 | S46: 33.66 | V46: ella | W46: Hall, Ella | X46: =VLOOKUP(W46,$A$12:$S$65, 4,FALSE) -> 161 | Y46: =VLOOKUP(W46,$A$12:$S$65, 8,FALSE) -> 418 | Z46: =VLOOKUP(W46,$A$12:$S$65, 16,FALSE) -> 2.6 | AC46: =W41 -> Cloud, Annette | AD46: =IF(VLOOKUP(AC46,$W:$Z,2,FALSE)>=100, IF(VLOOKUP(AC46,$W:$Z,4,FALSE)>$AD$13, IF(VLOOKUP(AC46,$W:$Z,4,FALSE)>=$AD$13+0.5,3, IF(VLOOKUP(AC46,$W:$Z,4,FALSE)>=$AD$13+0.25,2,1) ), 0), 0) -> 0
A47: Ops, Prog | D47: 0 | H47: 0 | L47: 0 | P47: 0 | S47: 0 | V47: lauren | W47: Dellinger, Lauren | X47: =VLOOKUP(W47,$A$12:$S$65, 4,FALSE) -> 320 | Y47: =VLOOKUP(W47,$A$12:$S$65, 8,FALSE) -> 838 | Z47: =VLOOKUP(W47,$A$12:$S$65, 16,FALSE) -> 2.62 | AC47: =W42 -> Hill, Gabby | AD47: =IF(VLOOKUP(AC47,$W:$Z,2,FALSE)>=100, IF(VLOOKUP(AC47,$W:$Z,4,FALSE)>$AD$13, IF(VLOOKUP(AC47,$W:$Z,4,FALSE)>=$AD$13+0.5,3, IF(VLOOKUP(AC47,$W:$Z,4,FALSE)>=$AD$13+0.25,2,1) ), 0), 0) -> 1
A48: Parshall, Cameron | D48: 0 | H48: 0 | L48: 0 | P48: 0 | S48: 0 | W48: Admin, AMC | X48: =VLOOKUP(W48,$A$12:$S$65, 4,FALSE) -> 0 | Y48: =VLOOKUP(W48,$A$12:$S$65, 8,FALSE) -> 0 | Z48: =VLOOKUP(W48,$A$12:$S$65, 16,FALSE) -> 0 | AC48: =W43 -> Koessler, Bayley | AD48: =IF(VLOOKUP(AC48,$W:$Z,2,FALSE)>=100, IF(VLOOKUP(AC48,$W:$Z,4,FALSE)>$AD$13, IF(VLOOKUP(AC48,$W:$Z,4,FALSE)>=$AD$13+0.5,3, IF(VLOOKUP(AC48,$W:$Z,4,FALSE)>=$AD$13+0.25,2,1) ), 0), 0) -> 1
A49: Parshall, Cameron | D49: 187 | H49: 482 | L49: 4409.83 | P49: 2.58 | S49: 23.58 | AC49: =W44 -> Wetsit, Karlos | AD49: =IF(VLOOKUP(AC49,$W:$Z,2,FALSE)>=100, IF(VLOOKUP(AC49,$W:$Z,4,FALSE)>$AD$13, IF(VLOOKUP(AC49,$W:$Z,4,FALSE)>=$AD$13+0.5,3, IF(VLOOKUP(AC49,$W:$Z,4,FALSE)>=$AD$13+0.25,2,1) ), 0), 0) -> 0
A50: Pepper, Courtney | D50: 65 | H50: 153 | L50: 1444.13 | P50: 2.35 | S50: 22.22 | W50: Balloon Boy | Y50: UPT | Z50: =(SUM(Y53:Y62)/SUM(X53:X62)) -> 2.5337591 | AC50: =W45 -> Lawson, Nick | AD50: =IF(VLOOKUP(AC50,$W:$Z,2,FALSE)>=100, IF(VLOOKUP(AC50,$W:$Z,4,FALSE)>$AD$13, IF(VLOOKUP(AC50,$W:$Z,4,FALSE)>=$AD$13+0.5,3, IF(VLOOKUP(AC50,$W:$Z,4,FALSE)>=$AD$13+0.25,2,1) ), 0), 0) -> 0
A51: Perez-Tellez, Damien | D51: 195 | H51: 523 | L51: 4990.87 | P51: 2.68 | S51: 25.59 | AC51: =W46 -> Hall, Ella | AD51: =IF(VLOOKUP(AC51,$W:$Z,2,FALSE)>=100, IF(VLOOKUP(AC51,$W:$Z,4,FALSE)>$AD$13, IF(VLOOKUP(AC51,$W:$Z,4,FALSE)>=$AD$13+0.5,3, IF(VLOOKUP(AC51,$W:$Z,4,FALSE)>=$AD$13+0.25,2,1) ), 0), 0) -> 0
A52: Ryder, Erin | D52: 110 | H52: 279 | L52: 2543.84 | P52: 2.54 | S52: 23.13 | X52: # Transactions | Y52: # of Units Sold | Z52: UPT | AC52: =W47 -> Dellinger, Lauren | AD52: =IF(VLOOKUP(AC52,$W:$Z,2,FALSE)>=100, IF(VLOOKUP(AC52,$W:$Z,4,FALSE)>$AD$13, IF(VLOOKUP(AC52,$W:$Z,4,FALSE)>=$AD$13+0.5,3, IF(VLOOKUP(AC52,$W:$Z,4,FALSE)>=$AD$13+0.25,2,1) ), 0), 0) -> 1
A53: Ryder, Gavin | D53: 80 | H53: 228 | L53: 2129 | P53: 2.85 | S53: 26.61 | W53: Kelly, Ryan | X53: =VLOOKUP(W53,$A$12:$S$65, 4,FALSE) -> 38 | Y53: =VLOOKUP(W53,$A$12:$S$65, 8,FALSE) -> 118 | Z53: =VLOOKUP(W53,$A$12:$S$65, 16,FALSE) -> 3.11 | AC53: =W48 -> Admin, AMC | AD53: =IF(VLOOKUP(AC53,$W:$Z,2,FALSE)>=100, IF(VLOOKUP(AC53,$W:$Z,4,FALSE)>$AD$13, IF(VLOOKUP(AC53,$W:$Z,4,FALSE)>=$AD$13+0.5,3, IF(VLOOKUP(AC53,$W:$Z,4,FALSE)>=$AD$13+0.25,2,1) ), 0), 0) -> 0
A54: Santaella, Adriana | D54: 220 | H54: 548 | L54: 5158.59 | P54: 2.49 | S54: 23.45 | W54: Isreal, Zeal | X54: =VLOOKUP(W54,$A$12:$S$65, 4,FALSE) -> 17 | Y54: =VLOOKUP(W54,$A$12:$S$65, 8,FALSE) -> 39 | Z54: =VLOOKUP(W54,$A$12:$S$65, 16,FALSE) -> 2.29 | AC54: Total Bonus | AD54: =SUM(AD44:AD53) -> 4
A55: Shteyngart, Jenna | D55: 34 | H55: 83 | L55: 711.74 | P55: 2.44 | S55: 20.93 | W55: Lingg, Beckett | X55: =VLOOKUP(W55,$A$12:$S$65, 4,FALSE) -> 84 | Y55: =VLOOKUP(W55,$A$12:$S$65, 8,FALSE) -> 215 | Z55: =VLOOKUP(W55,$A$12:$S$65, 16,FALSE) -> 2.56
A56: Smith, Anders | D56: 54 | H56: 109 | L56: 1068.18 | P56: 2.02 | S56: 19.78 | W56: McChesney, Jack | X56: =VLOOKUP(W56,$A$12:$S$65, 4,FALSE) -> 182 | Y56: =VLOOKUP(W56,$A$12:$S$65, 8,FALSE) -> 455 | Z56: =VLOOKUP(W56,$A$12:$S$65, 16,FALSE) -> 2.5 | AC56: =W50 -> Balloon Boy | AD56: Bonus Points?
A57: Taylor, Ronni | D57: 0 | H57: 0 | L57: 0 | P57: 0 | S57: 0 | W57: Perez-Tellez, Damien | X57: =VLOOKUP(W57,$A$12:$S$65, 4,FALSE) -> 195 | Y57: =VLOOKUP(W57,$A$12:$S$65, 8,FALSE) -> 523 | Z57: =VLOOKUP(W57,$A$12:$S$65, 16,FALSE) -> 2.68 | AC57: =W53 -> Kelly, Ryan | AD57: =IF(VLOOKUP(AC57,$W:$Z,2,FALSE)>=100, IF(VLOOKUP(AC57,$W:$Z,4,FALSE)>$AD$13, IF(VLOOKUP(AC57,$W:$Z,4,FALSE)>=$AD$13+0.5,3, IF(VLOOKUP(AC57,$W:$Z,4,FALSE)>=$AD$13+0.25,2,1) ), 0), 0) -> 0
A58: Way, Abby | D58: 5 | H58: 11 | L58: 100.71 | P58: 2.2 | S58: 20.14 | W58: Shteyngart, Jenna | X58: =VLOOKUP(W58,$A$12:$S$65, 4,FALSE) -> 34 | Y58: =VLOOKUP(W58,$A$12:$S$65, 8,FALSE) -> 83 | Z58: =VLOOKUP(W58,$A$12:$S$65, 16,FALSE) -> 2.44 | AC58: =W54 -> Isreal, Zeal | AD58: =IF(VLOOKUP(AC58,$W:$Z,2,FALSE)>=100, IF(VLOOKUP(AC58,$W:$Z,4,FALSE)>$AD$13, IF(VLOOKUP(AC58,$W:$Z,4,FALSE)>=$AD$13+0.5,3, IF(VLOOKUP(AC58,$W:$Z,4,FALSE)>=$AD$13+0.25,2,1) ), 0), 0) -> 0
A59: Wetsit, Karlos | D59: 0 | H59: 0 | L59: 0 | P59: 0 | S59: 0 | W59: Smith, Anders | X59: =VLOOKUP(W59,$A$12:$S$65, 4,FALSE) -> 54 | Y59: =VLOOKUP(W59,$A$12:$S$65, 8,FALSE) -> 109 | Z59: =VLOOKUP(W59,$A$12:$S$65, 16,FALSE) -> 2.02 | AC59: =W55 -> Lingg, Beckett | AD59: =IF(VLOOKUP(AC59,$W:$Z,2,FALSE)>=100, IF(VLOOKUP(AC59,$W:$Z,4,FALSE)>$AD$13, IF(VLOOKUP(AC59,$W:$Z,4,FALSE)>=$AD$13+0.5,3, IF(VLOOKUP(AC59,$W:$Z,4,FALSE)>=$AD$13+0.25,2,1) ), 0), 0) -> 0
A60: Woodke, Jeralyn | D60: 0 | H60: 0 | L60: 0 | P60: 0 | S60: 0 | W60: Zinn Krulewitch, Mari | X60: =VLOOKUP(W60,$A$12:$S$65, 4,FALSE) -> 259 | Y60: =VLOOKUP(W60,$A$12:$S$65, 8,FALSE) -> 632 | Z60: =VLOOKUP(W60,$A$12:$S$65, 16,FALSE) -> 2.44 | AC60: =W56 -> McChesney, Jack | AD60: =IF(VLOOKUP(AC60,$W:$Z,2,FALSE)>=100, IF(VLOOKUP(AC60,$W:$Z,4,FALSE)>$AD$13, IF(VLOOKUP(AC60,$W:$Z,4,FALSE)>=$AD$13+0.5,3, IF(VLOOKUP(AC60,$W:$Z,4,FALSE)>=$AD$13+0.25,2,1) ), 0), 0) -> 0
A61: Yandle, Chuck | D61: 200 | H61: 510 | L61: 4670.98 | P61: 2.55 | S61: 23.35 | V61: iris | W61: Ryder, Gavin | X61: =VLOOKUP(W61,$A$12:$S$65, 4,FALSE) -> 80 | Y61: =VLOOKUP(W61,$A$12:$S$65, 8,FALSE) -> 228 | Z61: =VLOOKUP(W61,$A$12:$S$65, 16,FALSE) -> 2.85 | AC61: =W57 -> Perez-Tellez, Damien | AD61: =IF(VLOOKUP(AC61,$W:$Z,2,FALSE)>=100, IF(VLOOKUP(AC61,$W:$Z,4,FALSE)>$AD$13, IF(VLOOKUP(AC61,$W:$Z,4,FALSE)>=$AD$13+0.5,3, IF(VLOOKUP(AC61,$W:$Z,4,FALSE)>=$AD$13+0.25,2,1) ), 0), 0) -> 1
A62: Zeller, Daniel | D62: 60 | H62: 165 | L62: 1554.87 | P62: 2.75 | S62: 25.91 | W62: Carpenter, Iris | X62: =VLOOKUP(W62,$A$12:$S$65, 4,FALSE) -> 153 | Y62: =VLOOKUP(W62,$A$12:$S$65, 8,FALSE) -> 375 | Z62: =VLOOKUP(W62,$A$12:$S$65, 16,FALSE) -> 2.45 | AC62: =W58 -> Shteyngart, Jenna | AD62: =IF(VLOOKUP(AC62,$W:$Z,2,FALSE)>=100, IF(VLOOKUP(AC62,$W:$Z,4,FALSE)>$AD$13, IF(VLOOKUP(AC62,$W:$Z,4,FALSE)>=$AD$13+0.5,3, IF(VLOOKUP(AC62,$W:$Z,4,FALSE)>=$AD$13+0.25,2,1) ), 0), 0) -> 0
A63: Zinn Krulewitch, Mari | D63: 259 | H63: 632 | L63: 5785.8 | P63: 2.44 | S63: 22.34 | AC63: =W59 -> Smith, Anders | AD63: =IF(VLOOKUP(AC63,$W:$Z,2,FALSE)>=100, IF(VLOOKUP(AC63,$W:$Z,4,FALSE)>$AD$13, IF(VLOOKUP(AC63,$W:$Z,4,FALSE)>=$AD$13+0.5,3, IF(VLOOKUP(AC63,$W:$Z,4,FALSE)>=$AD$13+0.25,2,1) ), 0), 0) -> 0
W64: Foxy | Y64: UPT | Z64: =(SUM(Y67:Y75)/SUM(X67:X75)) -> 2.5578947 | AC64: =W60 -> Zinn Krulewitch, Mari | AD64: =IF(VLOOKUP(AC64,$W:$Z,2,FALSE)>=100, IF(VLOOKUP(AC64,$W:$Z,4,FALSE)>$AD$13, IF(VLOOKUP(AC64,$W:$Z,4,FALSE)>=$AD$13+0.5,3, IF(VLOOKUP(AC64,$W:$Z,4,FALSE)>=$AD$13+0.25,2,1) ), 0), 0) -> 0
AC65: =W62 -> Carpenter, Iris | AD65: =IF(VLOOKUP(AC65,$W:$Z,2,FALSE)>=100, IF(VLOOKUP(AC65,$W:$Z,4,FALSE)>$AD$13, IF(VLOOKUP(AC65,$W:$Z,4,FALSE)>=$AD$13+0.5,3, IF(VLOOKUP(AC65,$W:$Z,4,FALSE)>=$AD$13+0.25,2,1) ), 0), 0) -> 0
X66: # Transactions | Y66: # of Units Sold | Z66: UPT | AC66: Total Bonus | AD66: =SUM(AD57:AD65) -> 1
W67: Mitchell, Gabe | X67: =VLOOKUP(W67,$A$12:$S$65, 4,FALSE) -> 60 | Y67: =VLOOKUP(W67,$A$12:$S$65, 8,FALSE) -> 145 | Z67: =VLOOKUP(W67,$A$12:$S$65, 16,FALSE) -> 2.42
W68: Alemayehu, Eyouel | X68: =VLOOKUP(W68,$A$12:$S$65, 4,FALSE) -> 72 | Y68: =VLOOKUP(W68,$A$12:$S$65, 8,FALSE) -> 213 | Z68: =VLOOKUP(W68,$A$12:$S$65, 16,FALSE) -> 2.96 | AC68: =W64 -> Foxy | AD68: Bonus Points?
W69: Delelu, Samra | X69: =VLOOKUP(W69,$A$12:$S$65, 4,FALSE) -> 0 | Y69: =VLOOKUP(W69,$A$12:$S$65, 8,FALSE) -> 0 | Z69: =VLOOKUP(W69,$A$12:$S$65, 16,FALSE) -> 0 | AC69: =W67 -> Mitchell, Gabe | AD69: =IF(VLOOKUP(AC69,$W:$Z,2,FALSE)>=100, IF(VLOOKUP(AC69,$W:$Z,4,FALSE)>$AD$13, IF(VLOOKUP(AC69,$W:$Z,4,FALSE)>=$AD$13+0.5,3, IF(VLOOKUP(AC69,$W:$Z,4,FALSE)>=$AD$13+0.25,2,1) ), 0), 0) -> 0
W70: Krause, Daniel | X70: =VLOOKUP(W70,$A$12:$S$65, 4,FALSE) -> 74 | Y70: =VLOOKUP(W70,$A$12:$S$65, 8,FALSE) -> 166 | Z70: =VLOOKUP(W70,$A$12:$S$65, 16,FALSE) -> 2.24 | AC70: =W68 -> Alemayehu, Eyouel | AD70: =IF(VLOOKUP(AC70,$W:$Z,2,FALSE)>=100, IF(VLOOKUP(AC70,$W:$Z,4,FALSE)>$AD$13, IF(VLOOKUP(AC70,$W:$Z,4,FALSE)>=$AD$13+0.5,3, IF(VLOOKUP(AC70,$W:$Z,4,FALSE)>=$AD$13+0.25,2,1) ), 0), 0) -> 0
W71: Lopez, Matthew | X71: =VLOOKUP(W71,$A$12:$S$65, 4,FALSE) -> 34 | Y71: =VLOOKUP(W71,$A$12:$S$65, 8,FALSE) -> 105 | Z71: =VLOOKUP(W71,$A$12:$S$65, 16,FALSE) -> 3.09 | AC71: =W69 -> Delelu, Samra | AD71: =IF(VLOOKUP(AC71,$W:$Z,2,FALSE)>=100, IF(VLOOKUP(AC71,$W:$Z,4,FALSE)>$AD$13, IF(VLOOKUP(AC71,$W:$Z,4,FALSE)>=$AD$13+0.5,3, IF(VLOOKUP(AC71,$W:$Z,4,FALSE)>=$AD$13+0.25,2,1) ), 0), 0) -> 0
W72: Santaella, Adriana | X72: =VLOOKUP(W72,$A$12:$S$65, 4,FALSE) -> 220 | Y72: =VLOOKUP(W72,$A$12:$S$65, 8,FALSE) -> 548 | Z72: =VLOOKUP(W72,$A$12:$S$65, 16,FALSE) -> 2.49 | AC72: =W70 -> Krause, Daniel | AD72: =IF(VLOOKUP(AC72,$W:$Z,2,FALSE)>=100, IF(VLOOKUP(AC72,$W:$Z,4,FALSE)>$AD$13, IF(VLOOKUP(AC72,$W:$Z,4,FALSE)>=$AD$13+0.5,3, IF(VLOOKUP(AC72,$W:$Z,4,FALSE)>=$AD$13+0.25,2,1) ), 0), 0) -> 0
V73: emily | W73: Woodke, Jeralyn | X73: =VLOOKUP(W73,$A$12:$S$65, 4,FALSE) -> 0 | Y73: =VLOOKUP(W73,$A$12:$S$65, 8,FALSE) -> 0 | Z73: =VLOOKUP(W73,$A$12:$S$65, 16,FALSE) -> 0 | AC73: =W71 -> Lopez, Matthew | AD73: =IF(VLOOKUP(AC73,$W:$Z,2,FALSE)>=100, IF(VLOOKUP(AC73,$W:$Z,4,FALSE)>$AD$13, IF(VLOOKUP(AC73,$W:$Z,4,FALSE)>=$AD$13+0.5,3, IF(VLOOKUP(AC73,$W:$Z,4,FALSE)>=$AD$13+0.25,2,1) ), 0), 0) -> 0
V74: cam | W74: Mead, Emily | X74: =VLOOKUP(W74,$A$12:$S$65, 4,FALSE) -> 15 | Y74: =VLOOKUP(W74,$A$12:$S$65, 8,FALSE) -> 38 | Z74: =VLOOKUP(W74,$A$12:$S$65, 16,FALSE) -> 2.53 | AC74: =W72 -> Santaella, Adriana | AD74: =IF(VLOOKUP(AC74,$W:$Z,2,FALSE)>=100, IF(VLOOKUP(AC74,$W:$Z,4,FALSE)>$AD$13, IF(VLOOKUP(AC74,$W:$Z,4,FALSE)>=$AD$13+0.5,3, IF(VLOOKUP(AC74,$W:$Z,4,FALSE)>=$AD$13+0.25,2,1) ), 0), 0) -> 0
W75: Parshall, Cameron | X75: =VLOOKUP(W75,$A$12:$S$65, 4,FALSE) -> 0 | Y75: =VLOOKUP(W75,$A$12:$S$65, 8,FALSE) -> 0 | Z75: =VLOOKUP(W75,$A$12:$S$65, 16,FALSE) -> 0 | AC75: =W73 -> Woodke, Jeralyn | AD75: =IF(VLOOKUP(AC75,$W:$Z,2,FALSE)>=100, IF(VLOOKUP(AC75,$W:$Z,4,FALSE)>$AD$13, IF(VLOOKUP(AC75,$W:$Z,4,FALSE)>=$AD$13+0.5,3, IF(VLOOKUP(AC75,$W:$Z,4,FALSE)>=$AD$13+0.25,2,1) ), 0), 0) -> 0
AC76: =W74 -> Mead, Emily | AD76: =IF(VLOOKUP(AC76,$W:$Z,2,FALSE)>=100, IF(VLOOKUP(AC76,$W:$Z,4,FALSE)>$AD$13, IF(VLOOKUP(AC76,$W:$Z,4,FALSE)>=$AD$13+0.5,3, IF(VLOOKUP(AC76,$W:$Z,4,FALSE)>=$AD$13+0.25,2,1) ), 0), 0) -> 0
AC77: =W75 -> Parshall, Cameron | AD77: =IF(VLOOKUP(AC77,$W:$Z,2,FALSE)>=100, IF(VLOOKUP(AC77,$W:$Z,4,FALSE)>$AD$13, IF(VLOOKUP(AC77,$W:$Z,4,FALSE)>=$AD$13+0.5,3, IF(VLOOKUP(AC77,$W:$Z,4,FALSE)>=$AD$13+0.25,2,1) ), 0), 0) -> 0
AC78: Total Bonus | AD78: =SUM(AD69:AD77) -> 0
